Date/Time,EURUSD,GBPUSD,EURGBP,AUDUSD,USDMXN,USDJPY
20090727,1.423,1.6486,0.8632,0.8225,13.2605,95.18
20090728,1.4167,1.64265,0.86225,0.82665,13.1969,94.54
20090729,1.40485,1.63775,0.85765,0.81705,13.2484,94.98
20090730,1.4075,1.64935,0.85325,0.82555,13.2595,95.55
20090731,1.4257,1.6714,0.85295,0.8357,13.1855,94.66
20090803,1.44125,1.6926,0.8512,0.84185,13.0934,95.26
20090804,1.4407,1.6938,0.8505,0.8442,13.1189,95.22
20090805,1.44035,1.6988,0.84775,0.8404,13.0328,94.95
20090806,1.4345,1.67825,0.8548,0.83935,13.0265,95.45
20090807,1.41825,1.6682,0.85,0.83695,12.9428,97.545
20090810,1.41405,1.64815,0.8578,0.83725,12.9185,97.14
20090811,1.4148,1.6478,0.8586,0.829,13.0192,95.98
20090812,1.41865,1.6479,0.8607,0.83355,12.9544,96.035
20090813,1.4291,1.65805,0.8618,0.8425,12.8647,95.475
20090814,1.4201,1.65395,0.8582,0.8324,12.834,94.9
20090817,1.4082,1.63465,0.8613,0.8204,13.0039,94.495
20090818,1.41355,1.6557,0.85355,0.8266,12.9201,94.68
20090819,1.4224,1.65275,0.8605,0.8286,12.8778,94.07
20090820,1.4253,1.6505,0.8634,0.83125,12.8774,94.19
20090821,1.4325,1.6504,0.868,0.83455,12.8244,94.39
20090824,1.4303,1.64145,0.87105,0.8387,12.929,94.55
20090825,1.4297,1.63505,0.87435,0.83545,12.9943,94.18
20090826,1.4255,1.62475,0.8771,0.82815,13.1546,94.245
20090827,1.43405,1.6281,0.88045,0.839,13.2271,93.51
20090828,1.43015,1.6266,0.87895,0.8405,13.244,93.59
20090831,1.43325,1.6287,0.88,0.8438,13.36,93.115
20090901,1.4224,1.61565,0.8801,0.8259,13.6712,92.915
20090902,1.4263,1.6271,0.87635,0.8336,13.6452,92.2
20090903,1.4251,1.6318,0.87315,0.8402,13.5334,92.62
20090904,1.4294,1.63905,0.8721,0.8503,13.3524,92.99
20090907,1.4332,1.6348,0.8766,0.8555,13.3417,93.075
20090908,1.44765,1.6487,0.878,0.86135,13.3486,92.315
20090909,1.4556,1.65465,0.8797,0.86215,13.4551,92.03
20090910,1.4581,1.6652,0.87565,0.86385,13.3595,91.73
20090911,1.457,1.6655,0.8747,0.8632,13.3305,90.705
20090914,1.4617,1.65825,0.8814,0.8621,13.3671,90.935
20090915,1.46565,1.6488,0.88885,0.86325,13.2848,91.035
20090916,1.4709,1.6493,0.89225,0.8734,13.187,90.925
20090917,1.4741,1.6453,0.896,0.87255,13.2711,91.085
20090918,1.471,1.627,0.90405,0.86725,13.2714,91.28
20090921,1.4679,1.6216,0.90515,0.86285,13.3758,91.92
20090922,1.47905,1.6357,0.9039,0.87335,13.3335,91.09
20090923,1.4734,1.63405,0.9016,0.8696,13.3655,91.27
20090924,1.4665,1.6062,0.91285,0.8648,13.5029,91.255
20090925,1.4688,1.59495,0.92075,0.8676,13.5592,89.59
20090928,1.4622,1.58815,0.9205,0.87235,13.5495,89.625
20090929,1.4587,1.59605,0.9138,0.87015,13.5295,90.08
20090930,1.46415,1.598,0.916,0.8826,13.501,89.695
20091001,1.4544,1.59535,0.9115,0.86955,13.7587,89.605
20091002,1.45755,1.5944,0.914,0.86485,13.6292,89.79
20091005,1.46475,1.5934,0.91915,0.8778,13.6049,89.535
20091006,1.4722,1.59195,0.92455,0.8903,13.4595,88.82
20091007,1.4691,1.59685,0.91985,0.89105,13.3644,88.595
20091008,1.4795,1.60695,0.92045,0.9063,13.2421,88.38
20091009,1.47305,1.5843,0.92955,0.90375,13.3,89.775
20091012,1.4772,1.57975,0.935,0.9071,13.2405,89.83
20091013,1.4853,1.59225,0.93295,0.9089,13.115,89.7
20091014,1.4925,1.5979,0.9338,0.9149,13.0636,89.44
20091015,1.4948,1.62705,0.9186,0.9204,13.0776,90.55
20091016,1.49045,1.63525,0.91105,0.91615,13.1058,90.88
20091019,1.4963,1.64205,0.91095,0.929,12.9377,90.54
20091020,1.49445,1.6379,0.91225,0.92375,13.0382,90.76
20091021,1.50165,1.66065,0.9041,0.929,12.9371,90.96
20091022,1.50325,1.66195,0.90415,0.92675,12.8797,91.29
20091023,1.50075,1.6304,0.9197,0.9223,13.0741,92.02
20091026,1.4876,1.6335,0.9105,0.9161,13.2808,92.17
20091027,1.48035,1.6367,0.9043,0.9165,13.2165,91.79
20091028,1.4705,1.63735,0.898,0.89705,13.3054,90.755
20091029,1.4822,1.6544,0.89585,0.9149,13.0602,91.405
20091030,1.4718,1.6445,0.89355,0.90005,13.1966,90.085
20091102,1.47755,1.6408,0.90045,0.9039,13.2113,90.2
20091103,1.4724,1.6437,0.8957,0.90245,13.2511,90.33
20091104,1.4861,1.6551,0.89765,0.90975,13.2945,90.725
20091105,1.4871,1.6581,0.89665,0.9101,13.268,90.705
20091106,1.4847,1.66115,0.89365,0.91885,13.4059,89.86
20091109,1.49975,1.6757,0.89485,0.92955,13.2691,89.91
20091110,1.4993,1.67435,0.89535,0.93035,13.2016,89.8
20091111,1.4987,1.65735,0.90415,0.9297,13.1403,89.88
20091112,1.48505,1.6576,0.89555,0.92345,13.11,90.36
20091113,1.49035,1.6672,0.89365,0.93275,13.0141,89.65
20091116,1.497,1.682,0.89,0.93675,12.9895,89.04
20091117,1.4876,1.681,0.8848,0.93045,13.0308,89.25
20091118,1.4963,1.6747,0.8933,0.9292,12.9997,89.305
20091119,1.4924,1.6666,0.89535,0.9184,13.0515,88.96
20091120,1.486,1.6504,0.90035,0.9143,13.0645,88.87
20091123,1.49605,1.6604,0.9009,0.9237,12.9585,88.96
20091124,1.4968,1.65865,0.90225,0.9191,12.8861,88.49
20091125,1.51345,1.67045,0.9059,0.93195,12.823,87.34
20091126,1.50185,1.65285,0.9087,0.91375,12.9717,86.57
20091127,1.4986,1.64985,0.9081,0.9062,12.935,86.52
20091130,1.50045,1.6439,0.91255,0.91585,12.9279,86.39
20091201,1.508,1.66085,0.90785,0.925,12.8486,86.69
20091202,1.5044,1.6627,0.9045,0.92465,12.71,87.38
20091203,1.50515,1.65375,0.91005,0.9238,12.6356,88.26
20091204,1.4857,1.6474,0.9016,0.9144,12.6634,90.525
20091207,1.4826,1.6445,0.9014,0.9125,12.684,89.5
20091208,1.4703,1.6285,0.9026,0.9038,12.9165,88.425
20091209,1.4724,1.6261,0.9054,0.9086,12.8958,87.855
20091210,1.47305,1.62765,0.90475,0.91655,12.9278,88.185
20091211,1.46135,1.62595,0.89855,0.9125,12.8726,89.1
20091214,1.4656,1.63095,0.89835,0.9166,12.7301,88.61
20091215,1.4537,1.6265,0.8935,0.9061,12.6901,89.605
20091216,1.453,1.6333,0.8894,0.9006,12.7164,89.77
20091217,1.4338,1.61525,0.8875,0.8866,12.8591,89.95
20091218,1.43435,1.6154,0.8879,0.8912,12.8301,90.385
20091221,1.4276,1.60365,0.88985,0.8813,12.9251,91.16
20091222,1.4249,1.5963,0.8922,0.87575,12.8715,91.825
20091223,1.4335,1.59535,0.89825,0.8797,12.8993,91.62
20091224,1.4376,1.59625,0.9002,0.88255,12.8,91.505
20091228,1.4378,1.6,0.89845,0.88685,13.0242,91.62
20091229,1.4352,1.59025,0.90235,0.8948,12.995,91.99
20091230,1.4338,1.6075,0.8917,0.8942,13.0743,92.425
20091231,1.43255,1.6164,0.8858,0.89715,13.0723,92.995
20100104,1.44125,1.6085,0.89595,0.91265,12.8651,92.515
20100105,1.4364,1.5992,0.89825,0.9118,12.8075,91.695
20100106,1.44065,1.60165,0.8993,0.9197,12.7315,92.31
20100107,1.43065,1.5931,0.8981,0.9173,12.775,93.365
20100108,1.441,1.6021,0.8991,0.9246,12.6827,92.64
20100111,1.4512,1.61135,0.9004,0.9295,12.7294,92.075
20100112,1.4484,1.61625,0.896,0.9199,12.8145,90.97
20100113,1.45095,1.628,0.8912,0.92405,12.7006,91.365
20100114,1.4499,1.63335,0.8875,0.9317,12.6651,91.2
20100115,1.43845,1.62615,0.8844,0.9226,12.684,90.755
20100118,1.43815,1.63395,0.8801,0.92615,12.6532,90.78
20100119,1.42875,1.636,0.87305,0.9231,12.638,91.135
20100120,1.41055,1.62905,0.8657,0.9099,12.7507,91.23
20100121,1.40835,1.6194,0.86955,0.89965,12.9608,90.425
20100122,1.4137,1.61115,0.87725,0.90045,12.9599,89.81
20100125,1.415,1.6243,0.87105,0.90405,12.8495,90.27
20100126,1.4071,1.61415,0.8715,0.8985,12.868,89.64
20100127,1.4023,1.6167,0.8671,0.89525,12.9555,89.99
20100128,1.397,1.61355,0.8655,0.8944,13.0643,89.905
20100129,1.3863,1.59845,0.8672,0.88355,13.0894,90.26
20100201,1.393,1.5956,0.8729,0.8913,12.8711,90.605
20100202,1.39635,1.5972,0.874,0.8863,12.8593,90.38
20100203,1.38925,1.58925,0.87395,0.88285,12.9456,90.98
20100204,1.3722,1.5752,0.8709,0.8645,13.161,89.02
20100205,1.3677,1.564,0.87435,0.8681,13.1306,89.23
20100208,1.36475,1.5583,0.8756,0.86455,13.2101,89.25
20100209,1.3796,1.5717,0.8776,0.8786,13.0032,89.68
20100210,1.3736,1.5593,0.88065,0.8753,13.1271,89.925
20100211,1.36925,1.57035,0.8718,0.89035,12.9428,89.755
20100212,1.363,1.56975,0.86785,0.8876,12.9345,89.94
20100215,1.3597,1.5658,0.86825,0.8883,12.9189,90.005
20100216,1.37705,1.57915,0.8718,0.90205,12.8398,90.13
20100217,1.36065,1.56725,0.86805,0.89935,12.8695,91.245
20100218,1.3525,1.55265,0.87095,0.8939,12.8676,91.79
20100219,1.3612,1.54695,0.8796,0.8987,12.796,91.5
20100222,1.3595,1.54805,0.87805,0.9003,12.804,91.14
20100223,1.35065,1.5421,0.87575,0.89125,12.9241,90.215
20100224,1.35405,1.54085,0.87865,0.89355,12.803,90.14
20100225,1.3548,1.52635,0.88755,0.8882,12.8016,89.07
20100226,1.36325,1.52335,0.89455,0.89515,12.7706,88.95
20100301,1.35595,1.499,0.9045,0.90085,12.7301,89.12
20100302,1.36145,1.497,0.90935,0.9035,12.7291,88.845
20100303,1.3696,1.50975,0.9071,0.90585,12.6933,88.455
20100304,1.35805,1.50315,0.90335,0.9,12.7075,89.015
20100305,1.36235,1.5131,0.89995,0.9076,12.6248,90.27
20100308,1.36335,1.50655,0.90485,0.9092,12.6783,90.305
20100309,1.36015,1.4995,0.90685,0.91395,12.6181,89.965
20100310,1.36565,1.49765,0.9117,0.91545,12.5906,90.505
20100311,1.36805,1.50615,0.9082,0.9153,12.5621,90.505
20100312,1.37685,1.5203,0.90535,0.9151,12.5269,90.55
20100315,1.36765,1.50555,0.9083,0.91465,12.5412,90.52
20100316,1.3765,1.5243,0.903,0.91845,12.5268,90.3
20100317,1.3737,1.5324,0.89635,0.92355,12.4504,90.3
20100318,1.36075,1.5241,0.8927,0.9206,12.5201,90.375
20100319,1.3529,1.50115,0.9011,0.9151,12.581,90.54
20100322,1.3558,1.5098,0.8978,0.91825,12.5325,90.13
20100323,1.3498,1.5046,0.89705,0.9187,12.4765,90.395
20100324,1.3314,1.48655,0.8955,0.90725,12.5846,92.3
20100325,1.32715,1.48115,0.896,0.90725,12.562,92.725
20100326,1.34085,1.4895,0.90005,0.90405,12.4973,92.505
20100329,1.3482,1.4986,0.89955,0.9176,12.4286,92.455
20100330,1.3413,1.50685,0.89005,0.9195,12.3654,92.755
20100331,1.3509,1.5182,0.88975,0.9172,12.3613,93.46
20100401,1.3588,1.5292,0.88865,0.921,12.3179,93.82
20100402,1.35025,1.5202,0.8874,0.91915,12.2985,94.595
20100405,1.3483,1.5295,0.8815,0.9213,12.2496,94.36
20100406,1.33985,1.5266,0.87765,0.92825,12.2166,93.785
20100407,1.33435,1.52415,0.87535,0.9267,12.2898,93.35
20100408,1.33605,1.5279,0.8743,0.9287,12.2141,93.38
20100409,1.34975,1.5369,0.8782,0.93315,12.1847,93.16
20100412,1.3591,1.53685,0.8843,0.9274,12.1546,93.24
20100413,1.3613,1.538,0.885,0.9291,12.175,93.195
20100414,1.3653,1.5466,0.88275,0.935,12.1975,93.22
20100415,1.3572,1.5494,0.87585,0.9344,12.1656,93.025
20100416,1.3502,1.53615,0.87875,0.9241,12.2651,92.16
20100419,1.34885,1.53365,0.87945,0.92375,12.2353,92.395
20100420,1.34335,1.5358,0.8747,0.9317,12.2181,93.215
20100421,1.33885,1.541,0.8689,0.9267,12.176,93.185
20100422,1.3294,1.53775,0.8644,0.92735,12.2063,93.48
20100423,1.33835,1.53755,0.87025,0.92755,12.1704,93.955
20100426,1.3381,1.54575,0.86565,0.92685,12.1485,93.955
20100427,1.31745,1.52645,0.86305,0.9154,12.3775,93.26
20100428,1.3219,1.52075,0.86915,0.92505,12.3376,94.025
20100429,1.3233,1.53195,0.86375,0.92765,12.2014,94.02
20100430,1.3293,1.52685,0.87045,0.92405,12.3072,93.84
20100503,1.3194,1.5244,0.8652,0.92605,12.2556,94.535
20100504,1.29865,1.51425,0.8575,0.90875,12.5462,94.53
20100505,1.2814,1.51005,0.84845,0.906,12.7313,93.805
20100506,1.2617,1.48305,0.85065,0.88495,12.9926,90.585
20100507,1.2751,1.4802,0.86125,0.8875,12.842,91.58
20100510,1.27865,1.4845,0.8611,0.90265,12.4489,93.285
20100511,1.26605,1.4955,0.84655,0.89505,12.5068,92.65
20100512,1.2613,1.48225,0.8508,0.89355,12.3625,93.24
20100513,1.25335,1.4612,0.85765,0.8959,12.4276,92.745
20100514,1.2357,1.4538,0.85,0.8856,12.5899,92.435
20100517,1.23945,1.44745,0.8562,0.8774,12.5891,92.58
20100518,1.22015,1.43325,0.8513,0.86435,12.7413,92.235
20100519,1.24145,1.44425,0.85945,0.84705,12.8218,91.69
20100520,1.2486,1.43635,0.8695,0.81705,13.1436,89.68
20100521,1.25695,1.4457,0.8692,0.8322,12.9381,89.95
20100524,1.2371,1.4423,0.8575,0.82645,13.0206,90.285
20100525,1.2344,1.4406,0.85665,0.82755,13.0415,90.22
20100526,1.21775,1.4387,0.84625,0.8214,13.1094,89.915
20100527,1.23605,1.45805,0.84765,0.8513,12.81,91.035
20100528,1.22715,1.44555,0.84875,0.8472,12.9584,91.045
20100531,1.2305,1.4535,0.84635,0.8457,12.916,91.255
20100601,1.2228,1.4648,0.8346,0.83105,12.9693,90.93
20100602,1.22485,1.46515,0.8359,0.8419,12.7802,92.13
20100603,1.21615,1.4613,0.8322,0.8447,12.7681,92.705
20100604,1.1965,1.4454,0.82775,0.8229,12.9525,91.885
20100607,1.1923,1.4467,0.8242,0.8104,12.9598,91.37
20100608,1.19725,1.4468,0.8274,0.8277,12.8806,91.45
20100609,1.1978,1.4527,0.8245,0.82765,12.8618,91.295
20100610,1.21235,1.4714,0.824,0.85005,12.6844,91.325
20100611,1.21105,1.45485,0.83215,0.85015,12.65,91.625
20100614,1.22195,1.47405,0.82885,0.8586,12.6851,91.57
20100615,1.23315,1.4802,0.83295,0.86545,12.5717,91.455
20100616,1.23105,1.473,0.8356,0.86385,12.5913,91.435
20100617,1.23875,1.48225,0.83555,0.8685,12.5828,90.995
20100618,1.23865,1.48215,0.83565,0.87205,12.5465,90.69
20100621,1.23115,1.4756,0.83425,0.8764,12.5313,91.1
20100622,1.227,1.4814,0.8282,0.87155,12.6059,90.565
20100623,1.23095,1.49565,0.82295,0.8739,12.6418,89.815
20100624,1.2333,1.4936,0.82565,0.86665,12.7316,89.6
20100625,1.2367,1.5057,0.82135,0.87375,12.645,89.225
20100628,1.22765,1.5104,0.8126,0.8721,12.7308,89.37
20100629,1.2187,1.5065,0.809,0.84865,12.8819,88.595
20100630,1.2237,1.49435,0.8187,0.84065,12.9389,88.435
20100701,1.25265,1.5176,0.82535,0.84315,13.0079,87.6
20100702,1.2568,1.5188,0.8253,0.84135,13.0782,87.73
20100705,1.2538,1.5134,0.82835,0.83915,13.0524,87.76
20100706,1.2626,1.5149,0.83325,0.85255,12.9614,87.515
20100707,1.26375,1.51885,0.83205,0.86425,12.8341,87.695
20100708,1.2697,1.51655,0.837,0.8773,12.7623,88.345
20100709,1.26385,1.50615,0.8392,0.87715,12.765,88.605
20100712,1.25955,1.50305,0.838,0.87585,12.8323,88.615
20100713,1.2724,1.51745,0.8383,0.88315,12.6654,88.725
20100714,1.27425,1.52655,0.8346,0.88485,12.7138,88.405
20100715,1.29495,1.54595,0.83745,0.88435,12.7668,87.39
20100716,1.29285,1.5297,0.8449,0.86875,12.9215,86.56
20100719,1.2941,1.52285,0.84975,0.8683,12.8963,86.69
20100720,1.28795,1.52625,0.8439,0.88385,12.77,87.505
20100721,1.27535,1.5162,0.8411,0.87805,12.87,87.045
20100722,1.2892,1.52585,0.84475,0.8932,12.7659,86.945
20100723,1.29085,1.54205,0.8369,0.89545,12.7293,87.39
20100726,1.2994,1.54885,0.8387,0.9025,12.6725,86.875
20100727,1.2995,1.55925,0.83335,0.90225,12.6794,87.895
20100728,1.2994,1.5596,0.8328,0.893,12.7124,87.46
20100729,1.30785,1.56115,0.8376,0.90035,12.7119,86.78
20100730,1.3049,1.56905,0.831,0.9044,12.6378,86.45
20100802,1.31795,1.5886,0.8295,0.91355,12.5825,86.495
20100803,1.323,1.59515,0.82935,0.91265,12.5758,85.79
20100804,1.3161,1.5881,0.8284,0.91645,12.5199,86.265
20100805,1.3188,1.58955,0.82965,0.9157,12.5617,85.82
20100806,1.3279,1.594,0.83315,0.9183,12.6881,85.5
20100809,1.3221,1.5891,0.83185,0.9164,12.6199,85.93
20100810,1.31755,1.5852,0.8312,0.9134,12.5977,85.435
20100811,1.28625,1.56575,0.8214,0.89695,12.7475,85.31
20100812,1.28285,1.55775,0.82355,0.89625,12.7323,85.885
20100813,1.27525,1.55875,0.8181,0.8928,12.7249,86.16
20100816,1.28255,1.56625,0.81875,0.898,12.6606,85.33
20100817,1.2884,1.55855,0.82665,0.9051,12.5949,85.52
20100818,1.28525,1.55935,0.82405,0.8981,12.6286,85.455
20100819,1.28225,1.5601,0.82185,0.89255,12.7021,85.385
20100820,1.271,1.5532,0.8181,0.8938,12.7488,85.605
20100823,1.26565,1.55115,0.81575,0.89125,12.9063,85.155
20100824,1.2627,1.5395,0.82015,0.8816,12.9699,83.905
20100825,1.2658,1.54645,0.81885,0.8839,12.9802,84.565
20100826,1.27155,1.55275,0.81875,0.8862,13.0668,84.44
20100827,1.2762,1.5527,0.82175,0.8991,12.9999,85.175
20100830,1.2662,1.5459,0.81885,0.89165,13.1471,84.61
20100831,1.26785,1.53465,0.826,0.8906,13.1959,84.19
20100901,1.2808,1.54535,0.82875,0.9116,13.0673,84.435
20100902,1.2825,1.53995,0.83265,0.9109,13.0279,84.27
20100903,1.2896,1.54515,0.8344,0.9164,12.9316,84.305
20100906,1.2875,1.5392,0.8364,0.91745,12.9284,84.205
20100907,1.2681,1.5357,0.82565,0.91055,13.0618,83.83
20100908,1.272,1.547,0.8221,0.9181,13.0494,83.87
20100909,1.2694,1.5428,0.8227,0.92295,13.0099,83.775
20100910,1.2678,1.53555,0.82535,0.92635,12.922,84.135
20100913,1.28825,1.5428,0.8349,0.9359,12.8553,83.7
20100914,1.2997,1.5539,0.83625,0.9396,12.834,83.03
20100915,1.30105,1.5623,0.8327,0.9381,12.7963,85.735
20100916,1.30775,1.56235,0.83695,0.9368,12.7879,85.77
20100917,1.3048,1.56295,0.83465,0.936,12.7944,85.845
20100920,1.3061,1.5545,0.84015,0.94715,12.7713,85.695
20100921,1.32635,1.56215,0.84885,0.95505,12.7153,85.085
20100922,1.3405,1.56635,0.8558,0.95675,12.6266,84.485
20100923,1.33145,1.5683,0.84885,0.9489,12.6551,84.375
20100924,1.3492,1.58185,0.8525,0.9589,12.5359,84.2
20100927,1.3454,1.5827,0.84995,0.96085,12.5784,84.285
20100928,1.35845,1.57995,0.8596,0.9676,12.4928,83.86
20100929,1.3626,1.5785,0.8632,0.9696,12.536,83.7
20100930,1.3634,1.57155,0.86745,0.967,12.5904,83.52
20101001,1.379,1.5818,0.8717,0.9722,12.521,83.21
20101004,1.36845,1.5829,0.8644,0.9682,12.5886,83.35
20101005,1.38385,1.58895,0.8707,0.97175,12.4735,83.215
20101006,1.39295,1.58895,0.8766,0.97735,12.4738,82.93
20101007,1.3925,1.5876,0.87705,0.9825,12.548,82.4
20101008,1.39395,1.59595,0.8727,0.9847,12.4067,81.91
20101011,1.3876,1.58815,0.87375,0.9838,12.4501,82.055
20101012,1.3924,1.58085,0.88065,0.9861,12.4029,81.715
20101013,1.3961,1.58965,0.8781,0.9904,12.3793,81.805
20101014,1.40845,1.60095,0.87955,0.9941,12.4069,81.475
20101015,1.3976,1.599,0.8742,0.99055,12.4291,81.445
20101018,1.3933,1.5875,0.87765,0.9888,12.4071,81.265
20101019,1.37265,1.57055,0.87405,0.9685,12.5208,81.58
20101020,1.3963,1.58465,0.8809,0.9869,12.3918,81.08
20101021,1.39195,1.5703,0.8863,0.97715,12.3883,81.32
20101022,1.39525,1.56825,0.8894,0.98255,12.3328,81.37
20101025,1.39645,1.5721,0.88805,0.99035,12.3549,80.81
20101026,1.38585,1.5845,0.87455,0.9854,12.4097,81.435
20101027,1.3769,1.5767,0.8731,0.9719,12.4486,81.745
20101028,1.39305,1.5945,0.87355,0.9789,12.3601,81.015
20101029,1.39455,1.6037,0.86915,0.9833,12.3419,80.375
20101101,1.38925,1.60345,0.86635,0.987,12.3351,80.505
20101102,1.4033,1.604,0.87475,0.99945,12.2933,80.62
20101103,1.41375,1.608,0.87915,1.0062,12.2423,81.07
20101104,1.42075,1.6268,0.87315,1.0148,12.2351,80.73
20101105,1.4031,1.618,0.8668,1.01555,12.2001,81.24
20101108,1.3919,1.6137,0.8623,1.0135,12.224,81.175
20101109,1.3772,1.5984,0.8616,1.0035,12.3019,81.685
20101110,1.37825,1.61185,0.85485,1.00525,12.2151,82.27
20101111,1.3667,1.61215,0.84755,0.9977,12.2569,82.47
20101112,1.36885,1.6112,0.8499,0.9845,12.3116,82.48
20101115,1.3586,1.6052,0.8463,0.98515,12.2919,83.065
20101116,1.34885,1.58845,0.8491,0.9765,12.4166,83.275
20101117,1.3529,1.5906,0.85045,0.97965,12.365,83.175
20101118,1.36425,1.60405,0.85045,0.98985,12.2695,83.515
20101119,1.3671,1.59775,0.85515,0.98655,12.2553,83.54
20101122,1.3626,1.5956,0.85375,0.9886,12.2988,83.33
20101123,1.3366,1.5774,0.84725,0.97215,12.4733,83.155
20101124,1.3334,1.5771,0.8454,0.9816,12.3719,83.535
20101125,1.33585,1.57585,0.84745,0.9807,12.3584,83.59
20101126,1.32405,1.55885,0.84875,0.9643,12.4782,84.09
20101129,1.3125,1.55715,0.84285,0.96295,12.4908,84.25
20101130,1.29825,1.5561,0.8341,0.9587,12.4849,83.685
20101201,1.3138,1.56215,0.8408,0.96825,12.3991,84.185
20101202,1.3209,1.55985,0.8467,0.977,12.3255,83.81
20101203,1.34145,1.57755,0.8502,0.99305,12.3306,82.525
20101206,1.3307,1.5715,0.8466,0.9898,12.3641,82.65
20101207,1.32605,1.57575,0.8416,0.9828,12.4925,83.485
20101208,1.32605,1.58035,0.83915,0.97955,12.3956,84.02
20101209,1.32385,1.5769,0.8394,0.9837,12.473,83.755
20101210,1.3225,1.58,0.83665,0.9855,12.4493,83.94
20101213,1.33905,1.5861,0.8441,0.99615,12.3968,83.38
20101214,1.3378,1.5774,0.84795,0.99895,12.3861,83.655
20101215,1.32135,1.55435,0.8499,0.9869,12.4556,84.245
20101216,1.3243,1.56315,0.8471,0.9901,12.4113,83.905
20101217,1.31875,1.553,0.84855,0.988,12.394,83.975
20101220,1.313,1.5512,0.84635,0.9934,12.4083,83.765
20101221,1.31,1.5469,0.8468,0.99765,12.3497,83.74
20101222,1.30995,1.5385,0.8513,0.9989,12.2998,83.56
20101223,1.31135,1.54265,0.84995,1.00425,12.3519,82.9
20101224,1.31205,1.5433,0.8476,1.0045,12.3274,82.87
20101227,1.3164,1.54205,0.8538,1.0044,12.3566,82.795
20101228,1.3114,1.5365,0.85315,1.00995,12.3778,82.38
20101229,1.3224,1.54995,0.85315,1.0178,12.3653,81.605
20101230,1.32885,1.5425,0.8614,1.0173,12.3928,81.52
20101231,1.3383,1.561,0.8565,1.023,12.323,81.125
20110103,1.336,1.5488,0.86255,1.01675,12.2451,81.73
20110104,1.33065,1.5585,0.85365,1.00505,12.2251,82.025
20110105,1.31495,1.5513,0.8476,0.9995,12.1846,83.24
20110106,1.3002,1.5472,0.84035,0.9943,12.2119,83.32
20110107,1.29055,1.5546,0.83,0.9959,12.2338,83.15
20110110,1.29505,1.5572,0.83155,0.9955,12.213,82.7
20110111,1.29735,1.5598,0.83165,0.98705,12.133,83.24
20110112,1.3131,1.57595,0.83305,0.9965,12.071,82.995
20110113,1.3364,1.5837,0.84375,0.99755,12.1205,82.81
20110114,1.3388,1.58675,0.8434,0.98865,12.0277,82.855
20110117,1.3293,1.58865,0.83655,0.99365,11.9728,82.665
20110118,1.33865,1.59615,0.83865,0.99935,12.017,82.555
20110119,1.3473,1.5995,0.84215,1.0008,12.0813,82.01
20110120,1.3472,1.58965,0.84745,0.98695,12.0472,82.995
20110121,1.362,1.5998,0.8509,0.9896,12.0546,82.555
20110124,1.3637,1.5987,0.85295,0.9973,12.0508,82.52
20110125,1.3681,1.58165,0.86505,0.99655,12.0909,82.24
20110126,1.37125,1.59335,0.86055,0.9993,11.9927,82.165
20110127,1.37335,1.5928,0.86215,0.99185,12.0366,82.91
20110128,1.361,1.58595,0.8581,0.9939,12.1985,82.12
20110131,1.3693,1.60125,0.855,0.9973,12.1194,82.035
20110201,1.38285,1.6141,0.8565,1.01105,11.9974,81.345
20110202,1.38105,1.6191,0.8529,1.01005,12.0068,81.54
20110203,1.36325,1.61355,0.84475,1.01525,12.0022,81.62
20110204,1.3582,1.61095,0.84325,1.0137,11.9815,82.17
20110207,1.35815,1.61085,0.84305,1.0135,12.0129,82.32
20110208,1.3625,1.6068,0.84785,1.01455,12.0368,82.355
20110209,1.3732,1.61005,0.8527,1.0124,12.0755,82.355
20110210,1.36015,1.6097,0.8448,1.0043,12.0736,83.22
20110211,1.3553,1.6006,0.84635,1.0021,12.0309,83.425
20110214,1.3488,1.60365,0.8408,1.0027,12.0465,83.32
20110215,1.3486,1.6125,0.83625,0.9964,12.1496,83.765
20110216,1.35675,1.60935,0.84295,1.00305,12.0603,83.675
20110217,1.36085,1.6173,0.84135,1.0118,12.0056,83.305
20110218,1.3694,1.62525,0.84235,1.01445,12.0253,83.175
20110221,1.36775,1.6225,0.843,1.0093,12.0695,83.135
20110222,1.36495,1.61355,0.8458,0.9987,12.1273,82.76
20110223,1.3748,1.62115,0.848,1.00215,12.184,82.51
20110224,1.3799,1.6136,0.855,1.00875,12.144,81.885
20110225,1.37525,1.6117,0.8532,1.0176,12.1187,81.67
20110228,1.3806,1.6256,0.84915,1.01855,12.1001,81.775
20110301,1.3776,1.62655,0.8468,1.0133,12.1201,81.85
20110302,1.3865,1.63235,0.84925,1.01675,12.0857,81.87
20110303,1.3969,1.6276,0.858,1.01445,12.0022,82.44
20110304,1.39855,1.62665,0.85965,1.01365,12.002,82.295
20110307,1.39685,1.62005,0.86215,1.0118,12.0456,82.235
20110308,1.3904,1.61595,0.86035,1.0098,12.0017,82.66
20110309,1.3908,1.6202,0.85825,1.01075,11.9269,82.73
20110310,1.37975,1.60605,0.859,1.0007,11.9752,82.985
20110311,1.39025,1.60805,0.86445,1.01375,11.905,81.835
20110314,1.3992,1.61715,0.86505,1.0097,11.8929,81.625
20110315,1.39975,1.6078,0.87055,0.99085,11.9918,80.715
20110316,1.38985,1.60245,0.86715,0.9838,12.1509,79.585
20110317,1.4021,1.61345,0.8689,0.9802,12.089,78.89
20110318,1.4182,1.6232,0.8735,0.99575,12.0451,80.575
20110321,1.42255,1.63095,0.87215,1.00625,11.984,81.005
20110322,1.41955,1.6364,0.8675,1.0102,11.9888,80.965
20110323,1.4087,1.6234,0.8677,1.0132,12.0202,80.91
20110324,1.41765,1.6121,0.87945,1.0211,11.9442,80.97
20110325,1.40875,1.6041,0.87815,1.02585,11.9889,81.33
20110328,1.4086,1.5992,0.8808,1.0243,11.9706,81.685
20110329,1.4113,1.6011,0.88135,1.0291,11.9531,82.47
20110330,1.41275,1.60715,0.87875,1.03275,11.9159,82.885
20110331,1.4157,1.6027,0.88325,1.03275,11.9021,83.125
20110401,1.4236,1.61095,0.8833,1.03825,11.8355,84.055
20110404,1.422,1.61295,0.88135,1.0363,11.845,84.05
20110405,1.4222,1.6296,0.87265,1.0329,11.8146,84.86
20110406,1.43315,1.63305,0.87745,1.0439,11.804,85.48
20110407,1.4307,1.6321,0.8764,1.0469,11.7718,84.905
20110408,1.4482,1.63785,0.88365,1.0563,11.7269,84.755
20110411,1.4435,1.6345,0.88305,1.0494,11.7468,84.595
20110412,1.44765,1.6256,0.89035,1.04365,11.8336,83.565
20110413,1.4442,1.6268,0.8876,1.0506,11.7726,83.83
20110414,1.4487,1.63515,0.8859,1.05415,11.71,83.495
20110415,1.4429,1.6324,0.8839,1.0567,11.6637,83.12
20110418,1.42325,1.6265,0.87485,1.05065,11.7473,82.645
20110419,1.4334,1.6314,0.8785,1.0524,11.6763,82.58
20110420,1.4522,1.6408,0.8849,1.0713,11.5883,82.555
20110421,1.4552,1.6521,0.88075,1.07455,11.6086,81.845
20110422,1.4561,1.65065,0.8816,1.0735,11.5996,81.845
20110425,1.45795,1.64975,0.88365,1.07195,11.5997,81.83
20110426,1.4643,1.64795,0.8883,1.07835,11.5737,81.55
20110427,1.4787,1.6627,0.88935,1.08725,11.5204,82.15
20110428,1.4822,1.66305,0.89105,1.0928,11.5541,81.53
20110429,1.48065,1.67045,0.8861,1.0969,11.4938,81.185
20110502,1.48295,1.66545,0.8905,1.0944,11.5226,81.215
20110503,1.4825,1.64865,0.8991,1.0845,11.5613,80.92
20110504,1.4827,1.6488,0.89915,1.0746,11.6425,80.615
20110505,1.4536,1.63865,0.88705,1.0578,11.7249,80.075
20110506,1.4314,1.6366,0.87465,1.07,11.6335,80.625
20110509,1.4365,1.64025,0.87555,1.08055,11.6085,80.35
20110510,1.4409,1.63625,0.88055,1.08365,11.5437,80.87
20110511,1.41915,1.6344,0.86815,1.07,11.6455,81.04
20110512,1.42455,1.62905,0.8743,1.0676,11.6238,80.935
20110513,1.41175,1.61955,0.87135,1.05725,11.7243,80.78
20110516,1.41555,1.61905,0.87425,1.05525,11.7662,80.785
20110517,1.42365,1.6251,0.8759,1.06265,11.7122,81.405
20110518,1.42485,1.6167,0.8812,1.0627,11.7017,81.675
20110519,1.431,1.6236,0.88135,1.0668,11.6217,81.605
20110520,1.416,1.62275,0.8722,1.06575,11.6375,81.68
20110523,1.4047,1.6121,0.87125,1.0504,11.743,82
20110524,1.40995,1.618,0.8713,1.0558,11.6913,81.945
20110525,1.4087,1.6273,0.86565,1.05305,11.6698,81.965
20110526,1.4144,1.64015,0.8622,1.0643,11.659,81.28
20110527,1.4318,1.6506,0.86685,1.0708,11.6013,80.79
20110530,1.42805,1.64725,0.86675,1.06895,11.5989,80.93
20110531,1.43955,1.6446,0.8752,1.0671,11.5662,81.515
20110601,1.43275,1.63325,0.87715,1.06135,11.7073,80.94
20110602,1.44905,1.63695,0.885,1.0669,11.6298,80.885
20110603,1.46335,1.64225,0.8908,1.07145,11.6617,80.27
20110606,1.4575,1.6355,0.891,1.0712,11.7434,80.095
20110607,1.46905,1.6443,0.8932,1.072,11.7543,80.09
20110608,1.45825,1.64025,0.8889,1.0623,11.8439,79.89
20110609,1.45095,1.6365,0.8864,1.06245,11.7708,80.36
20110610,1.4346,1.62235,0.8839,1.0536,11.9032,80.315
20110613,1.44125,1.63755,0.87995,1.06015,11.8572,80.235
20110614,1.44395,1.6369,0.8821,1.0685,11.7959,80.48
20110615,1.4178,1.61915,0.87545,1.0576,11.9129,80.945
20110616,1.42045,1.6158,0.87905,1.0558,11.949,80.61
20110617,1.43025,1.61895,0.883,1.0622,11.8999,80.03
20110620,1.4304,1.62005,0.8828,1.0581,11.8639,80.25
20110621,1.44105,1.6244,0.887,1.0605,11.7775,80.205
20110622,1.4355,1.6071,0.89305,1.0574,11.7899,80.29
20110623,1.4256,1.6005,0.89065,1.05235,11.8605,80.505
20110624,1.4186,1.59585,0.88875,1.0488,11.8955,80.395
20110627,1.42865,1.59885,0.89335,1.0443,11.8888,80.885
20110628,1.43705,1.5999,0.898,1.054,11.8036,81.115
20110629,1.44345,1.6062,0.8986,1.0682,11.7503,80.775
20110630,1.45015,1.60525,0.90325,1.07205,11.7091,80.56
20110701,1.45265,1.6071,0.90405,1.0769,11.605,80.82
20110704,1.45385,1.608,0.90365,1.0734,11.5839,80.79
20110705,1.44285,1.6059,0.89835,1.06925,11.6336,81.065
20110706,1.4318,1.6002,0.89455,1.0699,11.6244,80.91
20110707,1.4363,1.59715,0.89905,1.07755,11.5371,81.24
20110708,1.42645,1.60575,0.8882,1.0754,11.6242,80.575
20110711,1.4028,1.59055,0.8819,1.06555,11.7594,80.25
20110712,1.39755,1.59105,0.87835,1.0596,11.7885,79.235
20110713,1.4168,1.61045,0.8794,1.0758,11.6827,78.96
20110714,1.41425,1.6139,0.87615,1.0723,11.7193,79.13
20110715,1.41565,1.61295,0.8768,1.0643,11.7369,79.125
20110718,1.4112,1.60565,0.87875,1.0606,11.72,79.035
20110719,1.4155,1.61225,0.8778,1.07325,11.656,79.175
20110720,1.4215,1.6154,0.87985,1.07485,11.6479,78.77
20110721,1.4424,1.63305,0.88325,1.084,11.5901,78.29
20110722,1.43585,1.62985,0.8807,1.08495,11.6351,78.53
20110725,1.4376,1.62745,0.88325,1.08445,11.6421,78.285
20110726,1.4511,1.6405,0.88445,1.09555,11.623,77.875
20110727,1.43685,1.63285,0.8797,1.10225,11.6445,77.975
20110728,1.43335,1.6372,0.8753,1.1002,11.7084,77.67
20110729,1.4398,1.64235,0.87635,1.09955,11.7309,76.78
20110801,1.42495,1.62935,0.8744,1.097,11.7175,77.205
20110802,1.4204,1.6298,0.87135,1.07795,11.8421,77.14
20110803,1.43225,1.6426,0.87175,1.0754,11.8168,77.05
20110804,1.40905,1.62495,0.86685,1.0464,12.0488,78.88
20110805,1.4281,1.6389,0.87105,1.0441,11.9907,78.395
20110808,1.4177,1.63165,0.8688,1.0187,12.3228,77.755
20110809,1.43745,1.63145,0.88095,1.0351,12.039,76.955
20110810,1.4177,1.61315,0.8786,1.01765,12.539,76.85
20110811,1.424,1.6237,0.8769,1.0351,12.2681,76.835
20110812,1.4244,1.62745,0.875,1.0349,12.3069,76.705
20110815,1.44445,1.63875,0.8813,1.0506,12.2219,76.84
20110816,1.4407,1.64535,0.87545,1.0484,12.255,76.79
20110817,1.44255,1.6542,0.872,1.0548,12.1653,76.59
20110818,1.4332,1.65155,0.8677,1.0389,12.2589,76.58
20110819,1.43955,1.64635,0.8742,1.04055,12.2951,76.54
20110822,1.4358,1.64525,0.8726,1.04085,12.3547,76.79
20110823,1.44405,1.6494,0.8754,1.05255,12.3096,76.65
20110824,1.4414,1.63735,0.8803,1.04735,12.4778,76.975
20110825,1.43795,1.62805,0.88305,1.04305,12.5071,77.455
20110826,1.4498,1.63685,0.88565,1.0568,12.4436,76.655
20110829,1.45105,1.64065,0.88425,1.0656,12.4595,76.83
20110830,1.44415,1.62985,0.88595,1.0682,12.53,76.735
20110831,1.4369,1.62515,0.88415,1.07055,12.3284,76.66
20110901,1.4259,1.61785,0.88125,1.0721,12.286,76.925
20110902,1.4204,1.62165,0.8761,1.06445,12.4031,76.795
20110905,1.4097,1.61165,0.8747,1.05505,12.5333,76.885
20110906,1.39975,1.5941,0.8779,1.04835,12.5083,77.655
20110907,1.40975,1.599,0.88165,1.06605,12.4594,77.255
20110908,1.38825,1.5958,0.86975,1.05755,12.5071,77.495
20110909,1.3656,1.58805,0.8599,1.04695,12.6854,77.575
20110912,1.3678,1.586,0.8623,1.0345,12.841,77.205
20110913,1.3678,1.57785,0.86685,1.0311,12.88,76.94
20110914,1.37545,1.5769,0.87235,1.0281,12.9281,76.625
20110915,1.3877,1.57985,0.8781,1.03275,12.9393,76.695
20110916,1.3792,1.57875,0.87355,1.036,13.0371,76.785
20110919,1.36845,1.5702,0.87155,1.02205,13.1183,76.585
20110920,1.37015,1.5737,0.87035,1.02755,13.2274,76.445
20110921,1.35715,1.5498,0.8756,1.0042,13.6975,76.45
20110922,1.34635,1.53415,0.8775,0.97415,14.0884,76.23
20110923,1.34995,1.543,0.8728,0.9777,13.555,76.58
20110926,1.3532,1.5563,0.8693,0.9832,13.53,76.355
20110927,1.3582,1.5633,0.8689,0.99135,13.3629,76.81
20110928,1.35415,1.55775,0.86945,0.9781,13.5515,76.605
20110929,1.35965,1.56265,0.87,0.978,13.6955,76.83
20110930,1.33875,1.5583,0.8588,0.96605,13.8747,77.05
20111003,1.3176,1.5432,0.8537,0.9527,14.0282,76.625
20111004,1.33485,1.54845,0.8616,0.95725,13.746,76.8
20111005,1.33475,1.5459,0.8633,0.96575,13.5479,76.785
20111006,1.3437,1.5443,0.86985,0.97445,13.4031,76.715
20111007,1.3376,1.5556,0.85975,0.97675,13.4397,76.72
20111010,1.3642,1.56665,0.8707,0.9988,13.2319,76.67
20111011,1.3639,1.5576,0.87555,0.99515,13.3948,76.65
20111012,1.3791,1.5749,0.87555,1.0158,13.2835,77.26
20111013,1.37765,1.5765,0.87375,1.01905,13.4227,76.895
20111014,1.38815,1.58185,0.8772,1.0341,13.2356,77.215
20111017,1.3737,1.5744,0.8725,1.01575,13.4755,76.825
20111018,1.3751,1.57115,0.87515,1.02625,13.3738,76.815
20111019,1.376,1.5773,0.8723,1.02245,13.4531,76.805
20111020,1.37795,1.5789,0.8726,1.02295,13.6901,76.805
20111021,1.3894,1.59465,0.8705,1.0375,13.6641,76.28
20111024,1.39285,1.59965,0.87075,1.0473,13.3647,76.09
20111025,1.3907,1.6,0.86905,1.04265,13.5159,76.09
20111026,1.3906,1.5973,0.8706,1.03985,13.3954,76.17
20111027,1.41885,1.6097,0.8813,1.073,13.1251,75.94
20111028,1.41465,1.613,0.8775,1.0701,12.9977,75.81
20111031,1.3857,1.6086,0.8614,1.053,13.35,78.165
20111101,1.3703,1.59475,0.85925,1.0329,13.6049,78.36
20111102,1.3747,1.59485,0.86185,1.03465,13.5354,78.04
20111103,1.38225,1.604,0.8616,1.0416,13.3244,78.05
20111104,1.3791,1.6031,0.8602,1.0375,13.4811,78.23
20111107,1.3775,1.60555,0.8578,1.03795,13.4122,78.05
20111108,1.3833,1.6088,0.85965,1.0392,13.3305,77.725
20111109,1.3542,1.59145,0.85085,1.0142,13.671,77.81
20111110,1.3606,1.59355,0.85385,1.0154,13.5346,77.64
20111111,1.3747,1.6066,0.85535,1.0272,13.5042,77.125
20111114,1.3633,1.5911,0.8568,1.02045,13.5058,77.07
20111115,1.3539,1.58195,0.85555,1.0177,13.5946,77.03
20111116,1.3463,1.5729,0.8558,1.0083,13.642,77.055
20111117,1.34575,1.57545,0.85415,0.99985,13.7154,76.975
20111118,1.35235,1.5803,0.8557,1.00065,13.7247,76.865
20111121,1.3489,1.56405,0.8624,0.984,14.0125,76.88
20111122,1.3505,1.5632,0.8639,0.9833,13.9761,76.965
20111123,1.3342,1.5523,0.8593,0.9687,14.1745,77.305
20111124,1.3346,1.5495,0.86115,0.9734,14.1959,77.11
20111125,1.32375,1.54355,0.857,0.971,14.1853,77.715
20111128,1.3319,1.5508,0.8587,0.9904,14.0123,77.98
20111129,1.3316,1.5596,0.85365,1,13.8189,77.92
20111130,1.34455,1.57035,0.85615,1.0282,13.6211,77.615
20111201,1.3461,1.56875,0.8579,1.02425,13.6104,77.69
20111202,1.3392,1.5596,0.85855,1.0214,13.6238,77.96
20111205,1.34,1.5648,0.8562,1.0269,13.5243,77.815
20111206,1.34005,1.5599,0.8589,1.0245,13.4768,77.725
20111207,1.34115,1.57085,0.85365,1.02935,13.5084,77.67
20111208,1.334,1.56275,0.8535,1.0165,13.7066,77.635
20111209,1.33865,1.5666,0.8541,1.0218,13.5676,77.585
20111212,1.31875,1.5583,0.8462,1.00725,13.813,77.91
20111213,1.3036,1.5478,0.84195,1.0017,13.8653,77.99
20111214,1.29825,1.54655,0.83935,0.991,13.8852,78.07
20111215,1.30155,1.5513,0.83895,0.992,13.9132,77.85
20111216,1.3045,1.5545,0.83895,0.99815,13.8687,77.76
20111219,1.29975,1.54975,0.8385,0.9895,13.9105,78.04
20111220,1.3082,1.56605,0.8351,1.008,13.7819,77.885
20111221,1.3047,1.5673,0.83215,1.01025,13.8217,78.065
20111222,1.30505,1.56785,0.8325,1.0129,13.8176,78.165
20111223,1.30455,1.56065,0.83575,1.0148,13.8452,78.01
20111226,1.306,1.56285,0.83535,1.0168,13.8486,77.965
20111227,1.30695,1.56695,0.834,1.01565,14.0022,77.87
20111228,1.2941,1.5458,0.8371,1.00935,13.9777,77.935
20111229,1.2961,1.54135,0.8406,1.0137,13.9927,77.625
20111230,1.29575,1.55445,0.83325,1.0201,13.9463,76.88
20120102,1.2934,1.55125,0.8336,1.02325,13.9,76.885
20120103,1.3049,1.56475,0.83385,1.0377,13.6427,76.73
20120104,1.29425,1.562,0.82855,1.0368,13.6959,76.705
20120105,1.2788,1.54935,0.82525,1.02635,13.7568,77.11
20120106,1.2716,1.5424,0.82435,1.02395,13.7295,76.96
20120109,1.27645,1.54565,0.82565,1.0239,13.6916,76.815
20120110,1.27775,1.54825,0.82515,1.0314,13.6271,76.84
20120111,1.27065,1.5328,0.829,1.031,13.6019,76.85
20120112,1.2814,1.533,0.83575,1.0332,13.5225,76.755
20120113,1.26795,1.5317,0.82745,1.0321,13.5923,76.95
20120116,1.2666,1.5323,0.8265,1.0312,13.5455,76.775
20120117,1.2736,1.53335,0.83045,1.0376,13.4329,76.825
20120118,1.28635,1.5437,0.8331,1.04355,13.3064,76.825
20120119,1.2968,1.54865,0.8372,1.0419,13.2187,77.105
20120120,1.293,1.55735,0.8302,1.04835,13.1777,76.985
20120123,1.3014,1.55665,0.8359,1.05235,13.1671,77.02
20120124,1.30355,1.5625,0.83415,1.0492,13.1,77.665
20120125,1.3106,1.56565,0.837,1.0596,13.0172,77.77
20120126,1.31085,1.56885,0.8354,1.0631,12.9801,77.445
20120127,1.322,1.57275,0.8404,1.0657,12.9076,76.69
20120130,1.3143,1.57095,0.8365,1.05985,12.9753,76.34
20120131,1.3083,1.57585,0.8302,1.0621,13.0413,76.265
20120201,1.316,1.58325,0.83105,1.0704,12.8903,76.19
20120202,1.31435,1.58045,0.8315,1.07115,12.7983,76.215
20120203,1.3155,1.58115,0.8312,1.07685,12.6516,76.61
20120206,1.31295,1.58215,0.82975,1.07265,12.6643,76.545
20120207,1.32605,1.5895,0.8341,1.0807,12.6712,76.76
20120208,1.326,1.58165,0.83825,1.0798,12.7163,77.035
20120209,1.32855,1.5817,0.8399,1.0785,12.6696,77.66
20120210,1.3197,1.5752,0.83755,1.0672,12.7927,77.595
20120213,1.31865,1.57655,0.83635,1.0731,12.6961,77.57
20120214,1.31335,1.56895,0.83675,1.06905,12.7563,78.43
20120215,1.3066,1.56915,0.83255,1.06955,12.8763,78.43
20120216,1.313,1.5798,0.8311,1.0754,12.814,78.93
20120217,1.3139,1.5822,0.8299,1.0705,12.7554,79.55
20120220,1.3244,1.58485,0.83535,1.07545,12.6834,79.63
20120221,1.3233,1.5777,0.8388,1.0662,12.7883,79.74
20120222,1.3248,1.5667,0.8455,1.0637,12.8411,80.295
20120223,1.33725,1.57435,0.84925,1.0716,12.8189,79.995
20120224,1.3448,1.58685,0.8468,1.06915,12.8995,81.18
20120227,1.33965,1.5822,0.84665,1.07575,12.8881,80.605
20120228,1.3458,1.59,0.84635,1.0766,12.8428,80.455
20120229,1.33245,1.59135,0.83715,1.0731,12.8603,81.145
20120301,1.33105,1.59545,0.8341,1.08085,12.7209,81.11
20120302,1.3197,1.5833,0.8333,1.07315,12.7581,81.805
20120305,1.3216,1.58625,0.833,1.06705,12.8316,81.555
20120306,1.3112,1.57155,0.83425,1.0552,12.9947,80.89
20120307,1.3149,1.5741,0.8353,1.0583,12.8704,81.085
20120308,1.32735,1.58295,0.8384,1.06425,12.6762,81.545
20120309,1.31225,1.5673,0.83715,1.0575,12.6386,82.455
20120312,1.31545,1.56405,0.84095,1.05155,12.6586,82.23
20120313,1.30835,1.57035,0.833,1.0553,12.5565,82.95
20120314,1.3032,1.56745,0.8313,1.0453,12.7209,83.725
20120315,1.30795,1.571,0.83245,1.05245,12.6541,83.57
20120316,1.31735,1.5839,0.83135,1.0589,12.6676,83.435
20120319,1.3238,1.5892,0.83285,1.0607,12.6423,83.345
20120320,1.3225,1.58615,0.83355,1.04795,12.6475,83.7
20120321,1.32155,1.58715,0.83255,1.0458,12.7032,83.4
20120322,1.32005,1.58185,0.8343,1.03875,12.8057,82.525
20120323,1.3269,1.5867,0.836,1.04665,12.7465,82.325
20120326,1.3358,1.597,0.8363,1.0533,12.6624,82.815
20120327,1.33135,1.595,0.83465,1.046,12.7,83.17
20120328,1.33165,1.5887,0.8381,1.03885,12.7532,82.89
20120329,1.3302,1.59575,0.83345,1.0383,12.7932,82.455
20120330,1.33405,1.601,0.833,1.0347,12.8029,82.855
20120402,1.33195,1.6023,0.8312,1.0418,12.7242,82.07
20120403,1.3233,1.5911,0.83155,1.033,12.7613,82.805
20120404,1.31415,1.58885,0.827,1.02685,12.7803,82.45
20120405,1.3065,1.5827,0.8252,1.02985,12.8681,82.36
20120406,1.3093,1.58735,0.8243,1.03085,12.979,81.63
20120409,1.31055,1.58915,0.8245,1.0312,12.9688,81.485
20120410,1.30815,1.58615,0.8246,1.025,13.1585,80.67
20120411,1.31095,1.59065,0.82415,1.02995,13.1604,80.86
20120412,1.31875,1.5958,0.8262,1.04395,13.0269,80.885
20120413,1.30775,1.5845,0.82495,1.03715,13.1725,80.915
20120416,1.3141,1.5899,0.8264,1.03555,13.211,80.405
20120417,1.3126,1.59235,0.8242,1.0389,13.1037,80.84
20120418,1.31225,1.60215,0.81895,1.0358,13.1803,81.245
20120419,1.3137,1.6052,0.8183,1.033,13.1965,81.6
20120420,1.32185,1.61225,0.81965,1.03795,13.0988,81.515
20120423,1.31565,1.613,0.8155,1.03185,13.1713,81.175
20120424,1.31965,1.6143,0.8172,1.03145,13.1546,81.315
20120425,1.32165,1.61615,0.81765,1.03525,13.1558,81.34
20120426,1.3218,1.61845,0.81675,1.0389,13.1715,80.99
20120427,1.3253,1.62635,0.81465,1.0471,12.9673,80.26
20120430,1.32385,1.6233,0.8154,1.04285,13.0065,79.82
20120501,1.32365,1.62205,0.81595,1.03335,12.9089,80.09
20120502,1.3158,1.6199,0.8122,1.03325,12.9354,80.135
20120503,1.3152,1.61765,0.8129,1.02645,12.9993,80.18
20120504,1.30835,1.6146,0.80995,1.01775,13.1605,79.84
20120507,1.305,1.61895,0.80605,1.01965,13.1565,79.91
20120508,1.30055,1.6157,0.80485,1.01205,13.3653,79.865
20120509,1.29285,1.6127,0.8016,1.005,13.5005,79.635
20120510,1.29355,1.6144,0.80115,1.00805,13.5109,79.925
20120511,1.2917,1.6071,0.8037,1.00185,13.569,79.91
20120514,1.28225,1.60905,0.79675,0.99575,13.7313,79.845
20120515,1.2729,1.59925,0.7959,0.9936,13.8335,80.18
20120516,1.27155,1.59095,0.7992,0.9913,13.7653,80.325
20120517,1.2698,1.57955,0.80375,0.9887,13.8395,79.27
20120518,1.2779,1.5809,0.80795,0.98445,13.8035,79.005
20120521,1.2817,1.58345,0.80935,0.99145,13.6911,79.305
20120522,1.26835,1.576,0.8048,0.981,13.9015,79.96
20120523,1.25815,1.5691,0.8019,0.9746,13.982,79.475
20120524,1.2532,1.5668,0.79985,0.97625,14.0112,79.595
20120525,1.25155,1.5664,0.79905,0.9757,14.0237,79.675
20120528,1.2541,1.56805,0.79965,0.9852,13.9438,79.465
20120529,1.2502,1.56405,0.7991,0.9847,13.8789,79.485
20120530,1.23665,1.5477,0.79885,0.97045,14.141,79.07
20120531,1.2365,1.54045,0.8026,0.97335,14.3743,78.31
20120601,1.24335,1.53605,0.80925,0.9695,14.3091,78.005
20120604,1.24985,1.53825,0.8124,0.9727,14.2222,78.35
20120605,1.2452,1.5381,0.80945,0.97405,14.2157,78.75
20120606,1.25805,1.5495,0.8118,0.9927,14.0224,79.19
20120607,1.256,1.5526,0.80885,0.98935,14.0657,79.62
20120608,1.2518,1.5472,0.8089,0.99135,13.9177,79.48
20120611,1.24825,1.5484,0.80595,0.9863,14.0931,79.43
20120612,1.2503,1.55685,0.80295,0.9958,13.9739,79.52
20120613,1.2557,1.5505,0.80985,0.99325,14.039,79.48
20120614,1.26325,1.55615,0.81175,1.0024,13.8947,79.345
20120615,1.2639,1.5713,0.80405,1.008,13.9189,78.69
20120618,1.25755,1.5665,0.80255,1.0124,13.8293,79.11
20120619,1.2685,1.57235,0.8065,1.01885,13.6825,78.95
20120620,1.2707,1.57155,0.8083,1.01945,13.703,79.53
20120621,1.25395,1.5591,0.8041,1.0033,13.921,80.275
20120622,1.25685,1.5581,0.80635,1.0062,13.8589,80.415
20120625,1.2504,1.55725,0.80285,1.00095,13.919,79.66
20120626,1.24915,1.5641,0.79855,1.0064,13.7585,79.505
20120627,1.24685,1.5567,0.80095,1.00795,13.5607,79.725
20120628,1.2443,1.5517,0.8019,1.00445,13.6157,79.45
20120629,1.26655,1.5704,0.8063,1.02395,13.3545,79.78
20120702,1.25785,1.5692,0.8015,1.02475,13.3374,79.505
20120703,1.26075,1.5688,0.80355,1.0282,13.3302,79.79
20120704,1.25255,1.55865,0.80305,1.0274,13.33,79.87
20120705,1.2391,1.5525,0.79805,1.0287,13.4164,79.905
20120706,1.22845,1.5486,0.79315,1.0213,13.385,79.64
20120709,1.23125,1.5525,0.793,1.02075,13.3498,79.555
20120710,1.22495,1.55185,0.7893,1.0191,13.3719,79.42
20120711,1.2238,1.5501,0.78935,1.02515,13.3033,79.755
20120712,1.2203,1.5427,0.7909,1.01385,13.458,79.305
20120713,1.2249,1.5575,0.7864,1.02255,13.2882,79.18
20120716,1.22725,1.5635,0.7848,1.0248,13.215,78.865
20120717,1.2294,1.56525,0.7852,1.0316,13.1556,79.055
20120718,1.22825,1.56525,0.7846,1.03625,13.1671,78.8
20120719,1.22805,1.57235,0.78085,1.0427,13.2219,78.585
20120720,1.21555,1.5621,0.77805,1.03775,13.3607,78.47
20120723,1.2117,1.5506,0.78125,1.02585,13.5848,78.385
20120724,1.2059,1.5505,0.77785,1.02195,13.7095,78.2
20120725,1.21575,1.5498,0.78435,1.03075,13.5944,78.16
20120726,1.2283,1.5685,0.78295,1.03965,13.4064,78.205
20120727,1.23225,1.5746,0.78215,1.0484,13.2366,78.455
20120730,1.226,1.57095,0.78045,1.0502,13.2615,78.175
20120731,1.2304,1.5676,0.78465,1.0503,13.3243,78.11
20120801,1.2225,1.5535,0.7869,1.04605,13.3813,78.43
20120802,1.218,1.5514,0.7851,1.04635,13.3524,78.24
20120803,1.2385,1.5637,0.7917,1.05685,13.1301,78.44
20120806,1.24005,1.56015,0.7947,1.05685,13.1925,78.24
20120807,1.2399,1.5621,0.79365,1.0554,13.2217,78.6
20120808,1.2365,1.56565,0.78975,1.0574,13.1419,78.435
20120809,1.23055,1.56385,0.78695,1.05795,13.082,78.56
20120810,1.2288,1.5686,0.7832,1.0575,13.0811,78.255
20120813,1.2332,1.56845,0.7862,1.0518,13.1487,78.315
20120814,1.23215,1.5677,0.7859,1.0488,13.1786,78.735
20120815,1.229,1.5683,0.78355,1.05045,13.1325,78.99
20120816,1.23555,1.57315,0.7853,1.051,13.172,79.345
20120817,1.2333,1.56935,0.78565,1.04185,13.1213,79.56
20120820,1.23455,1.5709,0.7858,1.04445,13.1033,79.42
20120821,1.2472,1.57825,0.79,1.0486,13.1424,79.28
20120822,1.25285,1.588,0.7888,1.05045,13.0732,78.575
20120823,1.2563,1.586,0.7921,1.04405,13.1606,78.49
20120824,1.25125,1.58085,0.79115,1.04025,13.1676,78.67
20120827,1.2499,1.57935,0.79135,1.0368,13.1909,78.74
20120828,1.25645,1.5818,0.79415,1.03765,13.1885,78.505
20120829,1.25295,1.5832,0.7914,1.0351,13.3027,78.705
20120830,1.2506,1.5785,0.79225,1.02885,13.3457,78.615
20120831,1.2578,1.58635,0.7929,1.03215,13.1888,78.38
20120903,1.2592,1.5884,0.79255,1.0245,13.1835,78.255
20120904,1.2566,1.587,0.7917,1.02245,13.1754,78.405
20120905,1.26,1.59015,0.7923,1.01935,13.1153,78.39
20120906,1.26305,1.59315,0.7927,1.02825,13.0569,78.86
20120907,1.28165,1.601,0.8005,1.03835,12.9757,78.25
20120910,1.27585,1.59895,0.7979,1.03345,13.0825,78.28
20120911,1.28545,1.60695,0.79985,1.04335,12.9868,77.765
20120912,1.2899,1.61055,0.80085,1.0466,13.0138,77.845
20120913,1.2988,1.61535,0.8039,1.0547,12.814,77.48
20120914,1.31275,1.62155,0.8094,1.05495,12.7133,78.385
20120917,1.3117,1.6249,0.8071,1.0476,12.77,78.705
20120918,1.3047,1.62435,0.8031,1.0456,12.7951,78.8
20120919,1.30485,1.622,0.80435,1.0479,12.8553,78.375
20120920,1.2968,1.6214,0.7997,1.0435,12.8502,78.245
20120921,1.29795,1.6229,0.7996,1.04565,12.8492,78.16
20120924,1.293,1.62175,0.7971,1.0424,12.9108,77.845
20120925,1.2901,1.61865,0.797,1.03895,12.8589,77.795
20120926,1.2873,1.6164,0.79625,1.037,12.8679,77.74
20120927,1.2913,1.62345,0.79525,1.04415,12.8256,77.6
20120928,1.28585,1.61675,0.7953,1.0377,12.8571,77.92
20121001,1.28875,1.61305,0.7989,1.0363,12.827,77.99
20121002,1.2919,1.61315,0.80075,1.02655,12.8546,78.15
20121003,1.2905,1.60755,0.80275,1.02155,12.8149,78.485
20121004,1.30175,1.6192,0.8039,1.02405,12.7544,78.48
20121005,1.3034,1.61335,0.8078,1.01875,12.7929,78.665
20121008,1.29675,1.6026,0.80905,1.0189,12.8006,78.33
20121009,1.28845,1.6002,0.80505,1.0205,12.875,78.255
20121010,1.28735,1.60055,0.80445,1.0233,12.9755,78.18
20121011,1.29265,1.6044,0.8056,1.02635,12.9081,78.33
20121012,1.2951,1.60655,0.80585,1.02325,12.8631,78.445
20121015,1.29485,1.60695,0.8057,1.02525,12.8013,78.64
20121016,1.3053,1.611,0.8102,1.0275,12.8315,78.885
20121017,1.31185,1.61495,0.81245,1.03825,12.7855,78.935
20121018,1.30665,1.60435,0.81435,1.03655,12.8408,79.265
20121019,1.30225,1.6,0.81345,1.033,12.8842,79.285
20121022,1.3059,1.6014,0.8154,1.03195,12.853,79.94
20121023,1.29865,1.59515,0.81405,1.02645,12.9715,79.85
20121024,1.29725,1.60365,0.80885,1.03545,12.9913,79.8
20121025,1.29335,1.61175,0.80235,1.03465,13.001,80.295
20121026,1.2938,1.61025,0.80345,1.0373,12.9949,79.64
20121029,1.2932,1.6082,0.8041,1.03635,13.0095,79.745
20121029,1.2903,1.6032,0.80475,1.03315,13.071,79.8
20121030,1.296,1.6072,0.80625,1.0364,13.0719,79.625
20121031,1.29595,1.61295,0.8034,1.0375,13.0904,79.76
20121101,1.2942,1.61305,0.8023,1.0401,13.0055,80.12
20121102,1.28375,1.602,0.80085,1.03355,13.0368,80.415
20121105,1.27955,1.59785,0.8007,1.03645,13.0394,80.28
20121106,1.28135,1.5996,0.801,1.0434,12.9588,80.35
20121107,1.27705,1.5985,0.79885,1.0407,13.0687,79.995
20121108,1.2746,1.5982,0.7975,1.0404,13.1764,79.46
20121109,1.27095,1.5894,0.79925,1.03865,13.1984,79.48
20121112,1.2709,1.58765,0.8004,1.04275,13.211,79.485
20121113,1.27035,1.587,0.8004,1.0434,13.2455,79.375
20121114,1.27345,1.584,0.8039,1.0375,13.2745,80.245
20121115,1.27805,1.5866,0.80545,1.03315,13.2065,81.17
20121116,1.2743,1.58825,0.8021,1.0339,13.1293,81.315
20121119,1.28125,1.59085,0.80545,1.04125,13.0533,81.41
20121120,1.2816,1.59255,0.80475,1.0389,13.004,81.675
20121121,1.2829,1.5951,0.80415,1.0369,13.0564,82.52
20121122,1.2883,1.59355,0.8083,1.03895,13.0325,82.465
20121123,1.29705,1.6024,0.80895,1.046,12.9529,82.375
20121126,1.29715,1.60255,0.8094,1.04635,13.0182,82.08
20121127,1.2942,1.60205,0.80775,1.04435,13.0382,82.15
20121128,1.2952,1.6014,0.8087,1.04755,12.9699,82.075
20121129,1.29785,1.60395,0.80915,1.0434,12.9443,82.11
20121130,1.2985,1.60105,0.8109,1.0427,12.9625,82.475
20121203,1.30525,1.6091,0.8112,1.04205,12.9951,82.245
20121204,1.3094,1.6101,0.8132,1.04715,12.9433,81.9
20121205,1.30675,1.6096,0.81185,1.04555,12.9248,82.465
20121206,1.29665,1.60475,0.8078,1.0486,12.8692,82.39
20121207,1.29255,1.60345,0.8058,1.0485,12.8469,82.5
20121210,1.29405,1.6074,0.80495,1.04875,12.8068,82.355
20121211,1.3005,1.6114,0.807,1.05275,12.7366,82.515
20121212,1.30735,1.61485,0.8095,1.05545,12.7392,83.25
20121213,1.30765,1.61115,0.8116,1.05275,12.8007,83.645
20121214,1.3163,1.6172,0.81375,1.0566,12.7398,83.505
20121217,1.3163,1.6203,0.8123,1.05505,12.719,83.88
20121218,1.3228,1.62515,0.8139,1.0534,12.7172,84.205
20121219,1.3226,1.62465,0.81405,1.04805,12.7661,84.405
20121220,1.32435,1.62775,0.81345,1.04825,12.7584,84.375
20121221,1.31865,1.6167,0.81525,1.03985,12.9227,84.235
20121224,1.3192,1.61195,0.81825,1.03645,12.9903,84.865
20121226,1.3224,1.61365,0.8194,1.0377,13.011,85.625
20121227,1.32355,1.6097,0.82205,1.03765,12.9742,86.095
20121228,1.32165,1.6162,0.8175,1.03715,13.01,85.955
20121231,1.31965,1.6242,0.81235,1.03975,12.843,86.695
20130102,1.3186,1.62545,0.8111,1.0504,12.7446,87.34
20130103,1.30485,1.6106,0.81,1.0466,12.8037,87.23
20130104,1.30675,1.6068,0.8131,1.048,12.7414,88.13
20130107,1.3116,1.61145,0.81385,1.05035,12.7663,87.79
20130108,1.30805,1.6055,0.8147,1.0503,12.8016,87.05
20130109,1.30635,1.60215,0.81525,1.0514,12.721,87.875
20130110,1.32715,1.61675,0.8208,1.05975,12.6062,88.775
20130111,1.3342,1.61325,0.8271,1.0535,12.653,89.175
20130114,1.3381,1.60745,0.83215,1.05695,12.5891,89.47
20130115,1.3305,1.60635,0.82815,1.0564,12.6099,88.785
20130116,1.3289,1.60045,0.8301,1.05715,12.6195,88.385
20130117,1.33755,1.5992,0.83625,1.05455,12.5845,89.865
20130118,1.33195,1.58645,0.8395,1.0509,12.6601,90.08
20130121,1.33125,1.5827,0.84085,1.0516,12.692,89.6
20130122,1.33215,1.58375,0.84095,1.0565,12.6186,88.705
20130123,1.3317,1.58445,0.8404,1.0555,12.692,88.615
20130124,1.33765,1.5789,0.8471,1.0451,12.632,90.32
20130125,1.3463,1.57955,0.85195,1.04235,12.7048,90.905
20130128,1.3455,1.5694,0.8572,1.0417,12.7656,90.845
20130129,1.3491,1.5762,0.8559,1.0475,12.7147,90.71
20130130,1.3566,1.5798,0.8586,1.04165,12.7198,91.095
20130131,1.3577,1.5856,0.85615,1.0424,12.7063,91.7
20130201,1.3639,1.56915,0.86905,1.0405,12.6036,92.8
20130204,1.3514,1.57605,0.85735,1.04375,12.7082,92.37
20130205,1.3583,1.5658,0.86735,1.03885,12.629,93.63
20130206,1.3521,1.5659,0.86335,1.0319,12.6806,93.62
20130207,1.3396,1.57155,0.8524,1.028,12.727,93.625
20130208,1.33625,1.57965,0.8456,1.0317,12.721,92.65
20130211,1.3406,1.56575,0.85595,1.0255,12.732,94.31
20130212,1.3453,1.56625,0.85875,1.0305,12.6967,93.465
20130213,1.3451,1.55415,0.86545,1.03705,12.6837,93.38
20130214,1.3363,1.54945,0.8624,1.03585,12.6941,92.86
20130215,1.33605,1.55165,0.86085,1.03035,12.6854,93.49
20130218,1.33505,1.5465,0.8631,1.03055,12.6836,93.95
20130219,1.33875,1.5425,0.868,1.0355,12.6287,93.565
20130220,1.32815,1.5234,0.8718,1.02555,12.7239,93.555
20130221,1.31885,1.5253,0.86455,1.0245,12.7436,93.095
20130222,1.319,1.51635,0.8699,1.032,12.7014,93.4
20130225,1.30615,1.51615,0.8614,1.02565,12.7978,91.8
20130226,1.30605,1.5123,0.8636,1.02285,12.8413,91.975
20130227,1.31385,1.5157,0.86655,1.02305,12.7636,92.23
20130228,1.3056,1.5163,0.8611,1.02135,12.7771,92.55
20130301,1.3026,1.5037,0.8661,1.0203,12.758,93.58
20130304,1.3026,1.51145,0.86175,1.0195,12.7435,93.48
20130305,1.30505,1.51265,0.8627,1.0257,12.7013,93.285
20130306,1.29665,1.5017,0.8634,1.02325,12.781,94.07
20130307,1.3106,1.5013,0.87275,1.0267,12.7576,94.815
20130308,1.30045,1.49225,0.8712,1.02335,12.6243,95.98
20130311,1.30455,1.4914,0.87455,1.02795,12.5386,96.275
20130312,1.30335,1.4902,0.87445,1.0323,12.4439,96.075
20130313,1.29605,1.4922,0.86845,1.02975,12.4312,96.11
20130314,1.30045,1.5082,0.8622,1.03835,12.4222,96.11
20130315,1.30755,1.5114,0.865,1.04085,12.4316,95.27
20130318,1.29555,1.51055,0.8577,1.04015,12.4075,95.21
20130319,1.28815,1.50985,0.85315,1.03695,12.4395,95.16
20130320,1.29325,1.50975,0.85655,1.03785,12.348,96.01
20130321,1.2898,1.51705,0.85,1.04385,12.4228,94.9
20130322,1.2988,1.52285,0.85255,1.04435,12.3497,94.45
20130325,1.2852,1.5173,0.84685,1.0465,12.3491,94.15
20130326,1.28605,1.51585,0.84835,1.04845,12.3494,94.44
20130327,1.27795,1.513,0.84445,1.0443,12.3345,94.45
20130328,1.28155,1.5191,0.8437,1.04095,12.3525,94.14
20130329,1.28195,1.5202,0.8431,1.0418,12.3146,94.195
20130401,1.2848,1.5231,0.84355,1.0423,12.3621,93.225
20130402,1.28205,1.51025,0.84865,1.0449,12.2738,93.43
20130403,1.2849,1.5129,0.84915,1.04605,12.343,93.035
20130404,1.29355,1.52325,0.8491,1.04355,12.305,96.33
20130405,1.2992,1.5335,0.84695,1.03795,12.1737,97.52
20130408,1.3008,1.5255,0.8526,1.0412,12.1943,99.355
20130409,1.3082,1.5322,0.85385,1.04885,12.1425,99.02
20130410,1.30695,1.5331,0.85245,1.0542,12.1051,99.765
20130411,1.31,1.53845,0.85145,1.05445,12.0426,99.67
20130412,1.3111,1.53405,0.8545,1.0505,12.0741,98.355
20130415,1.30355,1.52845,0.85275,1.03125,12.2816,96.74
20130416,1.3177,1.53615,0.85755,1.0389,12.1457,97.515
20130417,1.30305,1.52385,0.85495,1.02965,12.2073,98.11
20130418,1.305,1.52785,0.85405,1.03005,12.2717,98.155
20130419,1.3052,1.523,0.8567,1.0276,12.2618,99.505
20130422,1.3066,1.529,0.8544,1.0274,12.2738,99.23
20130423,1.2998,1.5239,0.85305,1.02585,12.2436,99.475
20130424,1.30145,1.5266,0.8524,1.0278,12.1701,99.51
20130425,1.3011,1.5433,0.8429,1.0291,12.1663,99.255
20130426,1.3029,1.5471,0.8418,1.0276,12.1422,98.03
20130429,1.3098,1.54995,0.8449,1.03505,12.2061,97.735
20130430,1.3167,1.5533,0.8476,1.037,12.1322,97.435
20130501,1.3179,1.55545,0.8472,1.0277,12.1953,97.39
20130502,1.30645,1.5533,0.84085,1.02485,12.1731,97.925
20130503,1.31145,1.55715,0.84215,1.0315,12.0706,99
20130506,1.30755,1.554,0.84115,1.0252,12.1071,99.32
20130507,1.3079,1.54835,0.8446,1.01845,12.0275,98.995
20130508,1.31525,1.55335,0.8466,1.01695,11.9764,98.99
20130509,1.30415,1.5448,0.8441,1.00925,11.9958,100.6
20130510,1.2988,1.5362,0.84535,1.00245,12.0784,101.62
20130513,1.29745,1.5299,0.848,0.99515,12.1636,101.82
20130514,1.29215,1.5208,0.8496,0.9888,12.1949,102.415
20130515,1.2886,1.52325,0.8457,0.98975,12.2007,102.225
20130516,1.2883,1.5267,0.84355,0.98075,12.276,102.25
20130517,1.28375,1.51685,0.84615,0.9728,12.3445,103.205
20130520,1.2882,1.52555,0.84425,0.98075,12.2959,102.265
20130521,1.2906,1.5153,0.8516,0.9802,12.3334,102.485
20130522,1.2858,1.5048,0.8545,0.9699,12.4205,103.15
20130523,1.29325,1.5107,0.85605,0.9747,12.3876,102.005
20130524,1.2932,1.5121,0.85485,0.9648,12.5365,101.29
20130527,1.2929,1.50985,0.85605,0.96315,12.4666,100.955
20130528,1.2855,1.50385,0.85475,0.9615,12.6309,102.365
20130529,1.29405,1.513,0.85515,0.9633,12.6486,101.145
20130530,1.3049,1.52305,0.85655,0.96615,12.7807,100.725
20130531,1.2995,1.5198,0.85485,0.957,12.8022,100.43
20130603,1.30765,1.5321,0.85335,0.9769,12.735,99.52
20130604,1.30805,1.53115,0.85415,0.96495,12.7104,100.025
20130605,1.30925,1.5405,0.8497,0.954,12.8541,99.05
20130606,1.3245,1.56,0.8489,0.95955,12.8027,96.97
20130607,1.32175,1.5556,0.84915,0.9495,12.7488,97.55
20130610,1.3257,1.5572,0.85125,0.9463,12.9125,98.765
20130611,1.33125,1.5644,0.85085,0.94255,12.8304,96.015
20130612,1.3338,1.56775,0.85055,0.948,12.921,96.01
20130613,1.33755,1.5719,0.8506,0.9638,12.6206,95.365
20130614,1.3344,1.57025,0.8494,0.957,12.7094,94.07
20130617,1.3366,1.5719,0.85015,0.95465,12.8324,94.485
20130618,1.33925,1.56415,0.8562,0.9485,12.8912,95.325
20130619,1.32935,1.5483,0.85865,0.92925,13.2403,96.445
20130620,1.32175,1.5508,0.85215,0.91955,13.3628,97.28
20130621,1.312,1.5416,0.85075,0.9216,13.2872,97.885
20130624,1.3119,1.54325,0.8498,0.92475,13.2903,97.73
20130625,1.3078,1.5421,0.84805,0.92585,13.2182,97.805
20130626,1.30115,1.53125,0.84945,0.92765,13.1589,97.755
20130627,1.3038,1.5259,0.8544,0.9275,13.0193,98.34
20130628,1.30085,1.52105,0.8549,0.9137,12.92,99.12
20130701,1.30635,1.52155,0.8583,0.92375,12.9576,99.65
20130702,1.2978,1.5154,0.8562,0.91445,13.0465,100.62
20130703,1.301,1.5278,0.8513,0.9086,12.9506,99.885
20130704,1.2913,1.5071,0.8567,0.9142,12.9092,100.025
20130705,1.283,1.48825,0.86135,0.9066,13.074,101.185
20130708,1.28695,1.4949,0.8606,0.91325,12.8728,100.965
20130709,1.27805,1.4866,0.85965,0.91755,12.8943,101.14
20130710,1.29755,1.5012,0.86435,0.9171,12.895,99.68
20130711,1.30965,1.51815,0.86245,0.91865,12.8002,98.955
20130712,1.30665,1.5102,0.8647,0.905,12.8108,99.165
20130715,1.3062,1.50995,0.8651,0.9097,12.6656,99.855
20130716,1.31615,1.5159,0.8682,0.92515,12.621,99.095
20130717,1.31245,1.5212,0.86265,0.92355,12.4562,99.58
20130718,1.31085,1.5224,0.86095,0.91685,12.4937,100.415
20130719,1.3141,1.5264,0.8602,0.9172,12.5308,100.63
20130722,1.3185,1.5358,0.85835,0.9248,12.5002,99.665
20130723,1.3222,1.5368,0.8603,0.9295,12.4939,99.425
20130724,1.32005,1.5314,0.86185,0.9163,12.6199,100.255
20130725,1.32765,1.5388,0.86265,0.92475,12.603,99.29
20130726,1.3278,1.538,0.86275,0.926,12.6538,98.255
20130729,1.32615,1.53385,0.8646,0.9205,12.7534,97.95
20130730,1.32615,1.5236,0.87035,0.9062,12.7587,98.025
20130731,1.33025,1.5205,0.8745,0.8982,12.7313,97.87
20130801,1.3206,1.51185,0.87335,0.8925,12.8206,99.535
20130802,1.3281,1.5291,0.8685,0.89015,12.6548,98.92
20130805,1.32575,1.53545,0.86335,0.8928,12.6429,98.29
20130806,1.33045,1.5348,0.86685,0.8984,12.6205,97.74
20130807,1.3337,1.54875,0.8608,0.89995,12.7085,96.33
20130808,1.33805,1.5538,0.8611,0.9104,12.5989,96.7
20130809,1.33405,1.54985,0.86055,0.91995,12.6137,96.25
20130812,1.32995,1.54605,0.85995,0.91485,12.6805,96.895
20130813,1.32625,1.54465,0.8584,0.9112,12.7203,98.195
20130814,1.32545,1.55,0.85505,0.9122,12.7357,98.125
20130815,1.3346,1.56385,0.85335,0.91405,12.8166,97.35
20130816,1.3328,1.5622,0.8525,0.9183,12.9089,97.52
20130819,1.33345,1.56475,0.85205,0.911,13.0756,97.545
20130820,1.34165,1.56655,0.8562,0.907,12.9724,97.265
20130821,1.3355,1.56585,0.85255,0.89705,13.2559,97.67
20130822,1.33555,1.5588,0.85665,0.90065,13.0898,98.715
20130823,1.3381,1.5567,0.8592,0.90245,12.9595,98.69
20130826,1.3367,1.5575,0.8582,0.9028,13.1827,98.51
20130827,1.3392,1.55455,0.86145,0.89825,13.2296,97.025
20130828,1.3339,1.55255,0.85905,0.894,13.3131,97.635
20130829,1.324,1.5503,0.85395,0.8929,13.3561,98.35
20130830,1.322,1.54975,0.8521,0.88965,13.3668,98.125
20130902,1.3191,1.5542,0.8486,0.89765,13.328,99.33
20130903,1.317,1.5557,0.84645,0.9062,13.3841,99.565
20130904,1.32065,1.5626,0.8451,0.9172,13.3042,99.745
20130905,1.31195,1.5589,0.8415,0.91205,13.388,100.1
20130906,1.3177,1.5628,0.84265,0.9181,13.158,99.115
20130909,1.32545,1.5695,0.84445,0.92275,13.1036,99.57
20130910,1.32675,1.57335,0.84325,0.9311,13.0846,100.38
20130911,1.33105,1.5817,0.8414,0.93285,13.0472,99.885
20130912,1.3299,1.58035,0.84135,0.9271,13.0568,99.53
20130913,1.32935,1.58715,0.83715,0.9243,13.0407,99.36
20130916,1.33335,1.5895,0.8387,0.9318,12.9261,99.05
20130917,1.3358,1.5902,0.83985,0.9355,12.9201,99.12
20130918,1.35215,1.61435,0.8373,0.9518,12.6541,97.93
20130919,1.3529,1.60315,0.8439,0.9437,12.7012,99.455
20130920,1.3524,1.60015,0.84455,0.93935,12.8527,99.33
20130923,1.34925,1.6042,0.84095,0.943,12.7942,98.84
20130924,1.3473,1.60025,0.8418,0.93905,12.9464,98.74
20130925,1.3525,1.6079,0.84105,0.93665,13.0086,98.43
20130926,1.34885,1.60405,0.84075,0.9369,13.0561,98.975
20130927,1.35215,1.61375,0.8378,0.9314,13.1343,98.22
20130930,1.3525,1.61845,0.8356,0.9317,13.091,98.21
20131001,1.35255,1.6195,0.83505,0.93965,13.1517,98
20131002,1.35785,1.62225,0.8369,0.9385,13.1123,97.35
20131003,1.36175,1.61545,0.8428,0.93925,13.1565,97.255
20131004,1.3557,1.6006,0.8466,0.94345,13.084,97.46
20131007,1.358,1.60945,0.8436,0.9428,13.1338,96.7
20131008,1.3573,1.60825,0.84385,0.9423,13.2226,96.865
20131009,1.3524,1.5953,0.8476,0.9444,13.1843,97.345
20131010,1.35195,1.5967,0.84665,0.9451,13.0925,98.16
20131011,1.35415,1.59505,0.84875,0.9466,12.9793,98.56
20131014,1.3561,1.59825,0.84835,0.9488,12.9915,98.57
20131015,1.3523,1.5996,0.84525,0.95255,12.9928,98.17
20131016,1.35335,1.595,0.8484,0.95505,12.8411,98.765
20131017,1.3675,1.61645,0.846,0.9635,12.7705,97.905
20131018,1.3685,1.6165,0.8463,0.9675,12.8531,97.74
20131021,1.36805,1.6146,0.84705,0.9653,12.9878,98.18
20131022,1.378,1.62345,0.8488,0.9707,12.84,98.125
20131023,1.37755,1.6163,0.85225,0.9626,12.9928,97.37
20131024,1.38005,1.62005,0.8518,0.9622,12.9639,97.28
20131025,1.38015,1.61615,0.8537,0.9586,12.8783,97.41
20131028,1.37845,1.61405,0.854,0.9572,12.8743,97.66
20131029,1.3745,1.6046,0.85655,0.94785,12.918,98.175
20131030,1.37355,1.60375,0.8563,0.94835,12.9306,98.51
20131031,1.3583,1.6037,0.8469,0.9454,13.0196,98.355
20131101,1.34855,1.59215,0.84655,0.94365,13.0564,98.67
20131104,1.35135,1.59675,0.8462,0.95095,12.9952,98.6
20131105,1.3474,1.6045,0.83965,0.95065,13.1608,98.495
20131106,1.3512,1.6079,0.8402,0.9526,13.1602,98.65
20131107,1.3419,1.6096,0.8336,0.94555,13.2224,98.085
20131108,1.3371,1.60195,0.8344,0.9385,13.1615,99.065
20131111,1.3406,1.5988,0.8385,0.93585,13.2123,99.155
20131112,1.3435,1.59035,0.8447,0.93015,13.175,99.625
20131113,1.34865,1.6057,0.8398,0.93585,13.021,99.235
20131114,1.34585,1.6065,0.8376,0.93145,12.9616,100.005
20131115,1.34945,1.61155,0.8371,0.93675,12.9257,100.165
20131118,1.35055,1.61095,0.8383,0.93765,12.8905,99.985
20131119,1.3538,1.61185,0.83975,0.94325,12.9631,100.125
20131120,1.3438,1.6105,0.83425,0.93345,13.0885,100.03
20131121,1.34815,1.61985,0.83215,0.9233,13.0265,101.155
20131122,1.3557,1.6224,0.83525,0.9168,12.9615,101.26
20131125,1.3516,1.6154,0.8367,0.916,13.0445,101.67
20131126,1.3572,1.62145,0.83695,0.9126,13.0524,101.285
20131127,1.35795,1.62855,0.83365,0.90785,13.1184,102.155
20131128,1.3604,1.63435,0.83255,0.91,13.0644,102.31
20131129,1.359,1.6359,0.8301,0.91075,13.1033,102.41
20131202,1.35415,1.6355,0.8279,0.9105,13.2154,102.935
20131203,1.359,1.63895,0.82905,0.9136,13.098,102.52
20131204,1.35925,1.63825,0.82965,0.9028,13.0434,102.35
20131205,1.36675,1.6335,0.83655,0.9062,13.0761,101.785
20131206,1.37045,1.6346,0.83815,0.90995,12.9255,102.895
20131209,1.37385,1.64285,0.83615,0.91105,12.8531,103.265
20131210,1.3761,1.64455,0.8367,0.915,12.8653,102.84
20131211,1.3786,1.6371,0.8418,0.9048,13.037,102.42
20131212,1.3753,1.63495,0.84105,0.89365,12.9628,103.365
20131213,1.3739,1.62955,0.84295,0.8963,12.8767,103.235
20131216,1.376,1.6297,0.84425,0.89475,12.9303,103.005
20131217,1.37675,1.6263,0.84645,0.88975,12.9528,102.66
20131218,1.3683,1.63895,0.83465,0.886,12.8766,104.28
20131219,1.36605,1.63685,0.83445,0.8866,12.9632,104.24
20131220,1.3674,1.63285,0.83645,0.8918,12.9755,104.075
20131223,1.36955,1.63545,0.83725,0.89335,12.9882,104.1
20131224,1.3681,1.63635,0.8358,0.89235,13.0279,104.255
20131226,1.36905,1.64095,0.83405,0.88945,13.0809,104.795
20131227,1.37475,1.64785,0.8338,0.88675,13.0479,105.15
20131230,1.3802,1.64995,0.83635,0.89025,13.0688,105.14
20131231,1.3745,1.6558,0.8301,0.89295,13.0722,105.32
20140102,1.3671,1.64505,0.8308,0.89105,13.1507,104.78
20140103,1.35875,1.64165,0.8275,0.8943,13.0973,104.845
20140106,1.36275,1.6404,0.83055,0.8967,13.0858,104.215
20140107,1.3615,1.6401,0.83005,0.89265,13.016,104.585
20140108,1.3575,1.64485,0.8253,0.8901,13.1336,104.84
20140109,1.36075,1.64795,0.8256,0.88985,13.089,104.82
20140110,1.36685,1.64805,0.829,0.8994,12.965,104.16
20140113,1.3671,1.63825,0.8344,0.9053,13.0815,102.99
20140114,1.36785,1.64385,0.83195,0.89655,13.0877,104.205
20140115,1.36045,1.63695,0.83105,0.8915,13.1968,104.555
20140116,1.36195,1.6353,0.8328,0.8821,13.274,104.355
20140117,1.3541,1.6421,0.82425,0.87775,13.2401,104.29
20140120,1.3551,1.64255,0.82485,0.881,13.2301,104.175
20140121,1.35605,1.64755,0.82285,0.8805,13.269,104.295
20140122,1.3547,1.6574,0.81735,0.88515,13.3085,104.51
20140123,1.36955,1.6637,0.82315,0.8768,13.3985,103.265
20140124,1.36745,1.64815,0.82965,0.86805,13.4555,102.23
20140127,1.3673,1.6584,0.82445,0.87385,13.364,102.545
20140128,1.36705,1.6579,0.8244,0.8778,13.2555,102.935
20140129,1.3663,1.6562,0.8247,0.87385,13.394,102.28
20140130,1.3554,1.6484,0.8222,0.87935,13.3615,102.715
20140131,1.3485,1.6439,0.81995,0.87525,13.3526,102
20140203,1.3525,1.63035,0.8295,0.87515,13.5295,100.97
20140204,1.3518,1.63245,0.82795,0.8924,13.3213,101.64
20140205,1.35325,1.63085,0.8297,0.89085,13.2784,101.44
20140206,1.35895,1.63205,0.8326,0.89585,13.2718,102.1
20140207,1.36345,1.641,0.8306,0.8958,13.274,102.325
20140210,1.3645,1.6402,0.8318,0.8948,13.3213,102.26
20140211,1.3638,1.645,0.8289,0.9038,13.2867,102.62
20140212,1.35925,1.6595,0.819,0.9026,13.3201,102.52
20140213,1.36795,1.66575,0.82105,0.89785,13.2572,102.165
20140214,1.36915,1.6745,0.8176,0.9031,13.2358,101.785
20140217,1.3706,1.6713,0.81995,0.90325,13.2076,101.91
20140218,1.3758,1.66825,0.82475,0.90265,13.2371,102.35
20140219,1.3733,1.6679,0.82335,0.8999,13.3305,102.3
20140220,1.37185,1.66505,0.8238,0.9006,13.2762,102.265
20140221,1.3738,1.66145,0.8267,0.8975,13.25,102.47
20140224,1.37345,1.66555,0.8245,0.90335,13.2602,102.5
20140225,1.3745,1.668,0.8239,0.90185,13.2262,102.235
20140226,1.3686,1.6671,0.8209,0.89675,13.3289,102.36
20140227,1.37095,1.6688,0.82145,0.89645,13.2578,102.12
20140228,1.38,1.67395,0.82395,0.8925,13.245,101.75
20140303,1.37345,1.6666,0.82405,0.89365,13.3304,101.44
20140304,1.3743,1.6664,0.82465,0.895,13.2802,102.21
20140305,1.3733,1.672,0.8212,0.89845,13.2356,102.295
20140306,1.38605,1.67395,0.82795,0.90895,13.15,103.065
20140307,1.3875,1.67125,0.83,0.9069,13.18,103.25
20140310,1.3876,1.6644,0.83365,0.902,13.2118,103.26
20140311,1.38595,1.6616,0.834,0.8976,13.2817,103.02
20140312,1.39025,1.66175,0.8366,0.89875,13.2417,102.745
20140313,1.38685,1.66235,0.83425,0.9029,13.2895,101.83
20140314,1.3912,1.66465,0.8354,0.90275,13.2016,101.32
20140317,1.39215,1.6636,0.8367,0.9086,13.1535,101.765
20140318,1.3934,1.6592,0.83975,0.91255,13.1592,101.44
20140319,1.38325,1.65385,0.8362,0.9041,13.2831,102.315
20140320,1.3778,1.6503,0.83485,0.9038,13.2574,102.39
20140321,1.3792,1.64825,0.8364,0.90805,13.224,102.26
20140324,1.38385,1.64965,0.8387,0.91315,13.1765,102.24
20140325,1.3826,1.6529,0.8364,0.9165,13.1128,102.255
20140326,1.37785,1.6581,0.8311,0.92255,13.1272,102.035
20140327,1.37405,1.661,0.82715,0.92585,13.0772,102.175
20140328,1.3751,1.66365,0.8264,0.92465,13.0669,102.815
20140331,1.37685,1.66615,0.82635,0.92635,13.0569,103.225
20140401,1.37925,1.6629,0.82935,0.9246,13.0494,103.645
20140402,1.3767,1.6625,0.828,0.92475,13.087,103.88
20140403,1.37195,1.65975,0.82655,0.92315,13.1143,103.925
20140404,1.37005,1.65675,0.82625,0.929,13,103.28
20140407,1.37415,1.6606,0.8274,0.92695,13.0076,103.09
20140408,1.37965,1.6746,0.82375,0.936,13.048,101.805
20140409,1.3855,1.6793,0.825,0.939,12.9801,101.99
20140410,1.38855,1.6784,0.82735,0.94125,13.0612,101.53
20140411,1.38825,1.6727,0.8296,0.9393,13.039,101.61
20140414,1.38205,1.6728,0.82615,0.94235,13.0225,101.845
20140415,1.3814,1.67285,0.82565,0.9361,13.0951,101.91
20140416,1.3815,1.6796,0.82245,0.937,13.0622,102.23
20140417,1.38135,1.6793,0.82245,0.93305,13.0419,102.385
20140418,1.38095,1.67885,0.82205,0.933,13.03,102.43
20140421,1.37925,1.67905,0.8213,0.9327,13.0245,102.6
20140422,1.3805,1.68235,0.82045,0.9366,13.0555,102.61
20140423,1.38165,1.6781,0.8233,0.9289,13.064,102.535
20140424,1.3831,1.68015,0.8232,0.92635,13.0953,102.31
20140425,1.3834,1.6798,0.8232,0.9276,13.1298,102.19
20140428,1.38505,1.6806,0.82415,0.9257,13.1232,102.485
20140429,1.38115,1.6827,0.8208,0.9268,13.1002,102.64
20140430,1.38665,1.6873,0.82185,0.92875,13.0776,102.23
20140501,1.3869,1.68925,0.82095,0.92735,13.0416,102.325
20140502,1.387,1.68685,0.8219,0.92765,13.0136,102.175
20140505,1.3875,1.68665,0.8226,0.92735,13.0561,102.14
20140506,1.39275,1.69745,0.82045,0.93505,13.0249,101.68
20140507,1.391,1.69515,0.82045,0.9327,12.9623,101.9
20140508,1.38395,1.6932,0.8173,0.93745,12.9458,101.655
20140509,1.37575,1.6847,0.8164,0.936,12.944,101.855
20140512,1.3757,1.68675,0.8156,0.9361,12.9518,102.115
20140513,1.3703,1.68245,0.8144,0.9358,12.9047,102.25
20140514,1.37145,1.6767,0.81785,0.9378,12.8959,101.885
20140515,1.3709,1.6789,0.8165,0.93555,12.9577,101.57
20140516,1.3693,1.68155,0.81415,0.93585,12.9,101.485
20140519,1.3709,1.6813,0.81525,0.9329,12.8997,101.495
20140520,1.3701,1.68385,0.81365,0.9242,12.9077,101.32
20140521,1.36865,1.6899,0.8098,0.9251,12.9257,101.365
20140522,1.36555,1.68705,0.8094,0.9225,12.8771,101.73
20140523,1.3628,1.68275,0.8098,0.92305,12.853,101.945
20140526,1.3645,1.6841,0.81,0.9236,12.8684,101.93
20140527,1.3634,1.6809,0.811,0.9258,12.8553,101.975
20140528,1.35905,1.67095,0.8132,0.92355,12.8726,101.84
20140529,1.36015,1.6716,0.8136,0.9307,12.8395,101.785
20140530,1.36335,1.675,0.81335,0.93065,12.8579,101.75
20140602,1.3596,1.67455,0.8118,0.9244,12.9124,102.375
20140603,1.36275,1.67485,0.8136,0.9265,12.9378,102.505
20140604,1.3598,1.6736,0.81245,0.92755,12.921,102.74
20140605,1.366,1.68195,0.8121,0.93395,12.8647,102.405
20140606,1.3642,1.6798,0.8118,0.9333,12.9291,102.46
20140609,1.35935,1.6803,0.8089,0.9355,13.0237,102.525
20140610,1.35475,1.6756,0.80835,0.9373,13.0164,102.35
20140611,1.3531,1.6787,0.80595,0.9384,13.0068,102.07
20140612,1.35515,1.69285,0.80045,0.94265,12.9763,101.695
20140613,1.3537,1.69645,0.79795,0.94005,13.0105,102
20140616,1.3573,1.69825,0.79925,0.94005,13.0419,101.825
20140617,1.35465,1.6964,0.7985,0.9336,13.1135,102.14
20140618,1.3595,1.69935,0.7999,0.9408,12.9778,101.915
20140619,1.36075,1.7039,0.79845,0.9398,13.0226,101.935
20140620,1.3599,1.70105,0.7992,0.93885,12.986,102.055
20140623,1.36045,1.70265,0.7989,0.9421,13.027,101.92
20140624,1.3606,1.6985,0.80105,0.9367,13.0592,101.965
20140625,1.36285,1.69825,0.80235,0.9407,13.0033,101.86
20140626,1.3611,1.70255,0.7993,0.94135,13.015,101.725
20140627,1.365,1.7031,0.8008,0.9423,12.9549,101.4
20140630,1.36915,1.7105,0.8004,0.9432,12.968,101.325
20140701,1.36785,1.7149,0.7976,0.94965,12.9398,101.52
20140702,1.3659,1.7165,0.7957,0.9442,12.9943,101.77
20140703,1.361,1.7154,0.79335,0.93465,12.9524,102.185
20140704,1.3594,1.7159,0.7921,0.93605,12.9671,102.035
20140707,1.36045,1.7127,0.79425,0.93715,13.0172,101.855
20140708,1.36115,1.71305,0.7945,0.93985,12.9802,101.57
20140709,1.3641,1.71565,0.7951,0.9413,12.9655,101.635
20140710,1.36085,1.7131,0.7943,0.93945,12.9892,101.335
20140711,1.3606,1.7097,0.7949,0.939,12.992,101.27
20140714,1.36185,1.70835,0.79715,0.9392,12.9503,101.535
20140715,1.3567,1.71425,0.7914,0.937,12.945,101.675
20140716,1.35245,1.7136,0.78925,0.9368,12.9122,101.66
20140717,1.35255,1.71,0.79085,0.93515,12.996,101.175
20140718,1.35235,1.7082,0.7914,0.9393,12.945,101.325
20140721,1.3523,1.7075,0.79195,0.93725,12.9699,101.39
20140722,1.34655,1.7064,0.789,0.93935,12.9417,101.46
20140723,1.34625,1.70425,0.7899,0.94555,12.9291,101.475
20140724,1.3463,1.69855,0.7925,0.94185,12.959,101.81
20140725,1.3429,1.69725,0.79095,0.9395,12.9446,101.825
20140728,1.34395,1.6982,0.7912,0.9405,13.0033,101.855
20140729,1.34085,1.69425,0.79135,0.93835,13.0648,102.115
20140730,1.33965,1.6912,0.79195,0.93305,13.1516,102.785
20140731,1.339,1.6884,0.79285,0.92945,13.2156,102.795
20140801,1.3426,1.6817,0.79835,0.931,13.1761,102.605
20140804,1.34215,1.6862,0.79595,0.93335,13.1944,102.565
20140805,1.33755,1.6885,0.7921,0.9304,13.2907,102.59
20140806,1.3382,1.6853,0.7941,0.93535,13.2333,102.1
20140807,1.3363,1.6832,0.79385,0.927,13.2778,102.09
20140808,1.3408,1.6771,0.7993,0.92735,13.2457,102.015
20140811,1.33845,1.6786,0.79725,0.9262,13.178,102.185
20140812,1.3369,1.6811,0.7952,0.92685,13.135,102.255
20140813,1.3364,1.6687,0.80065,0.9305,13.1344,102.415
20140814,1.33645,1.6685,0.8009,0.9318,13.0699,102.445
20140815,1.33995,1.66875,0.8026,0.9319,13.0639,102.355
20140818,1.3363,1.6727,0.79885,0.9324,13.0467,102.565
20140819,1.33195,1.66165,0.8015,0.9302,13.0457,102.91
20140820,1.3259,1.65945,0.799,0.9286,13.133,103.755
20140821,1.32805,1.6579,0.80095,0.9302,13.1062,103.845
20140822,1.324,1.65665,0.7988,0.93135,13.1333,103.925
20140825,1.31915,1.65785,0.79565,0.9297,13.1496,104.05
20140826,1.3167,1.65385,0.796,0.93055,13.095,104.055
20140827,1.31925,1.6575,0.79585,0.9336,13.0827,103.875
20140828,1.31815,1.65855,0.79465,0.9355,13.0825,103.72
20140829,1.31315,1.65965,0.7911,0.93365,13.0778,104.07
20140901,1.31285,1.66065,0.79045,0.9331,13.0933,104.345
20140902,1.3133,1.64685,0.79735,0.9273,13.1073,105.09
20140903,1.315,1.64605,0.79885,0.9346,13.0967,104.785
20140904,1.29435,1.633,0.79255,0.9348,13.1465,105.26
20140905,1.2951,1.63225,0.79305,0.9378,13.0313,105.085
20140908,1.28945,1.6104,0.8007,0.9281,13.1362,106.03
20140909,1.2937,1.61055,0.80325,0.9202,13.2013,106.19
20140910,1.29165,1.6209,0.7967,0.91525,13.191,106.855
20140911,1.29235,1.62525,0.795,0.90985,13.2307,107.1
20140912,1.2962,1.6267,0.79655,0.90375,13.2499,107.355
20140915,1.29395,1.62315,0.7972,0.9028,13.2341,107.18
20140916,1.2959,1.62765,0.7962,0.90935,13.1572,107.12
20140917,1.2864,1.6275,0.79035,0.8959,13.244,108.37
20140918,1.2923,1.6392,0.7879,0.8989,13.2344,108.685
20140919,1.28285,1.62845,0.78745,0.89245,13.2074,109.01
20140922,1.2849,1.63605,0.7853,0.88715,13.2767,108.835
20140923,1.2846,1.6388,0.7838,0.88395,13.3159,108.88
20140924,1.278,1.63385,0.78205,0.8884,13.273,109.04
20140925,1.275,1.6316,0.78135,0.87865,13.3851,108.745
20140926,1.2682,1.624,0.78005,0.87605,13.442,109.28
20140929,1.2685,1.624,0.781,0.87175,13.4974,109.49
20140930,1.26305,1.6212,0.77895,0.8746,13.4282,109.645
20141001,1.2622,1.61845,0.77985,0.87365,13.4534,108.885
20141002,1.26685,1.61435,0.7846,0.88025,13.3802,108.415
20141003,1.25145,1.59665,0.7832,0.86725,13.4793,109.755
20141006,1.2655,1.60815,0.7867,0.8762,13.3959,108.78
20141007,1.26685,1.6094,0.78705,0.88165,13.4751,108.02
20141008,1.27335,1.6167,0.7875,0.88395,13.3355,108.07
20141009,1.26905,1.61165,0.7873,0.87825,13.4371,107.83
20141010,1.26295,1.6074,0.7852,0.8682,13.4694,107.64
20141013,1.2751,1.6084,0.7927,0.87705,13.4467,106.825
20141014,1.2657,1.5902,0.7959,0.8712,13.4427,107.045
20141015,1.2837,1.60195,0.80135,0.88275,13.5275,105.905
20141016,1.2809,1.60865,0.79605,0.87555,13.5588,106.325
20141017,1.2759,1.60905,0.79275,0.87445,13.5212,106.87
20141020,1.28,1.61625,0.79165,0.8781,13.5337,106.945
20141021,1.2715,1.6112,0.78915,0.87785,13.536,106.995
20141022,1.2648,1.60495,0.78805,0.87785,13.5573,107.135
20141023,1.2646,1.6028,0.7887,0.87615,13.559,108.265
20141024,1.26695,1.60865,0.7875,0.8788,13.5552,108.155
20141027,1.2698,1.61195,0.7878,0.8802,13.5385,107.81
20141028,1.2734,1.61295,0.78935,0.8854,13.4387,108.155
20141029,1.26315,1.6011,0.7888,0.8797,13.4968,108.885
20141030,1.2613,1.6001,0.78825,0.88335,13.4403,109.21
20141031,1.25225,1.5992,0.78255,0.8797,13.4753,112.335
20141103,1.2482,1.5971,0.7814,0.8681,13.6052,114.04
20141104,1.2546,1.60025,0.784,0.87375,13.5543,113.595
20141105,1.2485,1.5975,0.78145,0.8593,13.5708,114.64
20141106,1.23745,1.58305,0.78155,0.8557,13.6345,115.205
20141107,1.2455,1.58625,0.7844,0.8629,13.5353,114.58
20141110,1.24205,1.58415,0.78395,0.86205,13.606,114.855
20141111,1.24745,1.59165,0.78345,0.8685,13.6009,115.765
20141112,1.2438,1.5777,0.78825,0.8717,13.5547,115.485
20141113,1.2476,1.571,0.7939,0.87205,13.6017,115.765
20141114,1.2524,1.5667,0.799,0.8743,13.5137,116.23
20141117,1.24495,1.564,0.7959,0.87075,13.5862,116.635
20141118,1.25355,1.56315,0.8017,0.8719,13.5562,116.855
20141119,1.25535,1.56815,0.80045,0.86175,13.6173,117.965
20141120,1.2539,1.5691,0.79905,0.86165,13.6497,118.19
20141121,1.239,1.5654,0.79075,0.8669,13.613,117.765
20141124,1.2442,1.57055,0.7919,0.8617,13.6563,118.265
20141125,1.2474,1.5707,0.794,0.853,13.6727,117.97
20141126,1.25055,1.57905,0.79175,0.85465,13.7258,117.72
20141127,1.24665,1.5735,0.79215,0.85425,13.7629,117.7
20141128,1.24495,1.5638,0.7954,0.8504,13.9183,118.6
20141201,1.2469,1.57285,0.7927,0.84885,13.9919,118.39
20141202,1.23825,1.56365,0.79185,0.84445,14.1001,119.205
20141203,1.2311,1.5685,0.78475,0.84045,14.098,119.79
20141204,1.23785,1.5672,0.78975,0.83815,14.155,119.78
20141205,1.22825,1.5569,0.78805,0.83155,14.355,121.44
20141208,1.23165,1.56505,0.78675,0.82925,14.3802,120.68
20141209,1.23735,1.56655,0.78965,0.8292,14.4209,119.69
20141210,1.24475,1.57145,0.792,0.8317,14.5538,117.81
20141211,1.24095,1.57305,0.7887,0.82705,14.7748,118.635
20141212,1.246,1.5707,0.79205,0.824,14.759,118.77
20141215,1.24355,1.56365,0.7952,0.82115,14.7566,117.81
20141216,1.251,1.57485,0.79415,0.82185,14.7458,116.39
20141217,1.23415,1.5574,0.79235,0.8121,14.5564,118.63
20141218,1.22855,1.5668,0.784,0.81645,14.57,118.825
20141219,1.2228,1.56215,0.7819,0.81235,14.5884,119.555
20141222,1.2229,1.5588,0.7843,0.8133,14.6527,120.055
20141223,1.2171,1.5519,0.78415,0.81035,14.7562,120.675
20141224,1.2203,1.55535,0.784,0.81085,14.699,120.435
20141226,1.21755,1.555,0.78285,0.8117,14.6988,120.34
20141229,1.21515,1.5515,0.7831,0.813,14.7598,120.66
20141230,1.21545,1.55605,0.78115,0.81835,14.7318,119.465
20141231,1.21005,1.5586,0.77625,0.8164,14.751,119.755
20150102,1.20015,1.5326,0.78295,0.8089,14.8176,120.485
20150105,1.19325,1.5248,0.78245,0.80825,14.9369,119.63
20150106,1.1889,1.5149,0.78465,0.80835,14.8913,118.39
20150107,1.1839,1.5109,0.78345,0.8077,14.7158,119.25
20150108,1.1792,1.50895,0.78115,0.8123,14.6637,119.645
20150109,1.18395,1.5151,0.7805,0.8199,14.595,118.465
20150112,1.18335,1.51695,0.77975,0.8156,14.649,118.345
20150113,1.17725,1.5158,0.77645,0.8165,14.6111,117.92
20150114,1.1789,1.523,0.77375,0.81485,14.4843,117.32
20150115,1.1631,1.5179,0.76585,0.8213,14.6614,116.15
20150116,1.1563,1.51375,0.76335,0.8227,14.554,117.48
20150119,1.16065,1.51105,0.76785,0.82095,14.6147,117.55
20150120,1.1549,1.51435,0.7624,0.8171,14.6585,118.8
20150121,1.16095,1.51415,0.7666,0.8084,14.7521,117.955
20150122,1.1365,1.50085,0.7571,0.8026,14.6288,118.48
20150123,1.1202,1.4985,0.7471,0.7906,14.6379,117.76
20150126,1.12395,1.5077,0.74495,0.79235,14.5733,118.45
20150127,1.13805,1.5196,0.7488,0.79355,14.6173,117.86
20150128,1.12875,1.5135,0.74525,0.78875,14.7486,117.53
20150129,1.1319,1.5065,0.7512,0.77605,14.7897,118.275
20150130,1.1289,1.50475,0.7494,0.7755,14.9568,117.47
20150202,1.1341,1.5038,0.75405,0.78015,14.8646,117.58
20150203,1.14795,1.5165,0.75685,0.7791,14.6497,117.565
20150204,1.13435,1.518,0.74715,0.7752,14.89,117.265
20150205,1.14765,1.5327,0.7485,0.77965,14.7856,117.515
20150206,1.1313,1.5232,0.74195,0.77935,14.8358,119.09
20150209,1.13235,1.52145,0.744,0.7801,14.8298,118.63
20150210,1.132,1.52535,0.74195,0.77695,14.9506,119.41
20150211,1.13345,1.52315,0.7434,0.77185,15.0668,120.45
20150212,1.1403,1.5383,0.7411,0.7734,14.9025,119.11
20150213,1.13855,1.5393,0.73885,0.7751,14.8795,118.7
20150216,1.13525,1.53615,0.73865,0.77715,14.9225,118.47
20150217,1.14105,1.5352,0.74325,0.7817,14.9113,119.23
20150218,1.13965,1.54355,0.73825,0.7809,14.8615,118.785
20150219,1.1368,1.54125,0.7374,0.7791,14.9998,118.94
20150220,1.1378,1.53825,0.7385,0.78365,15.0197,118.965
20150223,1.1334,1.5456,0.73325,0.7802,15.0833,118.815
20150224,1.13395,1.54515,0.7337,0.7831,14.9105,118.965
20150225,1.136,1.5527,0.7315,0.7886,14.9283,118.855
20150226,1.11975,1.54035,0.7268,0.7799,14.9933,119.41
20150227,1.1193,1.54305,0.7248,0.7809,14.9475,119.57
20150302,1.11825,1.5365,0.72775,0.7764,15.012,120.125
20150303,1.11755,1.53585,0.72725,0.7816,14.9944,119.725
20150304,1.10775,1.52635,0.7257,0.7816,15.0525,119.65
20150305,1.1029,1.5238,0.72335,0.7781,15.1929,120.125
20150306,1.084,1.5029,0.7202,0.7714,15.4932,120.83
20150309,1.0851,1.51275,0.71725,0.77015,15.474,121.145
20150310,1.06975,1.50665,0.70965,0.7625,15.6193,121.115
20150311,1.05465,1.49275,0.7063,0.7595,15.4956,121.44
20150312,1.0634,1.48825,0.71455,0.7707,15.387,121.28
20150313,1.0493,1.4741,0.71115,0.76355,15.4821,121.37
20150316,1.0567,1.48275,0.7125,0.7639,15.4061,121.33
20150317,1.0597,1.47485,0.71835,0.76165,15.3718,121.365
20150318,1.08615,1.49765,0.7252,0.77755,15.0844,120.105
20150319,1.0659,1.47505,0.7224,0.7648,15.2708,120.765
20150320,1.08205,1.49315,0.72285,0.777,15.0489,120.025
