,TIC monthly reports on Cross-Border Portfolio Financial Flows through March 2015,,,,,,,,,,,,,,,,,,,,,,,,,,,,,,,
15-May-15,,,,($ millions),,,,,,,,,,,,,,,,,,,,,,,,,,,,
,,,,,,,,,,,,,,,,,,,,,,Increase,,,,,,,,,,
,,,,,,,,,,,,,,,,,,,,,,in Foreign,,,,,,,,,,
,Gross,Gross,,,,,,,,,,,,,,,,,,,,Holdings,,,,,,,,,,
,Foreign,Foreign,,,,,,,,,,,,Gross,Gross,,,,,,,of Dollar-,,,,,,,Change,,,
,Purch.,Sales,,,,,,,,,,,,Foreign,Foreign,,,,,,Net,denom.,,,,Other,,,in Banks',,,
,of,of,Domes.,,Private,Private,,,,Official,Official,,,Purch.,Sales,Foreign,,,Net,Other,Foreign,S-T U.S. ,,,,Negot.,,,Own ,,,
Rows in,Domes.,Domes.,L-T,,Treas,Gov't,Private,,,Treas,Gov't,Official,,Foreign,Foreign,L-T,Foreign,Foreign,L-T,Acquis.,Acquis.,Secur.&,,,,Instr.&,,,Net,Monthly,,
monthly,U.S.,U.S.,"Secur.,",,Bonds&,Agency,Corp,Private,,Bonds&,Agency,Corp,Official,L-T,L-T,"Secur.,",Bonds,Equity,"Secur.,",L-T,of,Other,U.S.,,,Select.,,,Dollar-,Net ,,
press,L-T,L-T,"Purch.,","Private,","Notes,","Bonds,","Bonds,","Equity,","Official,","Notes,","Bonds,","Bonds,","Equity,",Secur.,Secur.,"Purch.,","Purch.,","Purch.,",Transac.,"Secur.,",L-T,Custody,Treas.,"Private,","Official,",Other,"Private,","Official,",denom.,TIC,"Private,","Official,"
release,Secur.,Secur.,net,net,net,net,net,Net,net,net,net,net,Net,from US,to US,net,net,net,,net,Secur.,Liabs.,"Bills,",net,net,"Liabs,",net,net,Liabs.,Flows,net,net
table -->,[1],[2],[3],[4],[5],[6],[7],[8],[9],[10],[11],[12],[13],[14],[15],[16],[17],[18],[19],[20],[21],[22],[23],[24],[25],[26],[27],[28],[29],[30],[31],[32]
,    -------,    -------,    -------,    -------,    -------,    -------,    -------,    -------,    -------,    -------,    -------,    -------,    -------,    -------,    -------,    -------,    -------,    -------,    -------,    -------,    -------,    -------,    -------,    -------,    -------,    -------,    -------,    -------,    -------,    -------,    -------,    -------
2015-Mar,2693956,2662724,31232,49059,33600,13295,16517,-14353,-17827,-23687,4158,2259,-557,987665,1001340,-13675,5311,-18986,17557,-15936,1621,13133,21350,8273,13077,-8217,-4414,-3803,-115643,-100889,-90520,-10369
2015-Feb,2490175,2477257,12918,23153,5035,8006,10130,-18,-10235,-11189,930,-753,777,792120,784092,8028,14445,-6417,20946,-19674,1272,24182,19873,8557,11316,4309,2659,1650,3395,28849,17342,11507
2015-Jan,2324062,2363677,-39615,-27587,-42645,6171,6616,2271,-12028,-12362,2937,-929,-1674,836174,823818,12356,26081,-13725,-27259,-39578,-66837,-6684,-10815,-15586,4771,4131,-2117,6248,125381,51860,24290,27570
2014-Dec,2448202,2451164,-2962,16956,1447,5254,5642,4613,-19918,-17049,-4023,859,295,753299,711143,42156,37850,4306,39194,-2221,36973,10673,24796,31473,-6677,-14123,-11393,-2730,-239130,-191484,-160521,-30963
2014-Nov,2076100,2016889,59211,53002,2703,18731,25527,6041,6209,-7536,14559,-544,-270,680118,705803,-25685,3594,-29279,33526,-11218,22308,5239,8827,3941,4886,-3588,-4138,550,-29145,-1598,3106,-4704
2014-Oct,2807884,2822841,-14957,-15431,3053,2236,6339,-27059,474,-2514,1614,1556,-182,856884,843280,13604,27574,-13970,-1353,-13140,-14493,25037,23960,12307,11653,1077,469,608,165749,176293,164431,11862
2014-Sep,2399081,2304844,94237,79682,44207,11674,19369,4432,14555,3932,9289,1331,3,853048,786914,66134,40146,25988,160371,-11228,149143,-22335,-16165,-3032,-13133,-6170,-5075,-1095,-192552,-65744,-57095,-8649
2014-Aug,2062719,2036175,26544,20667,22141,11260,-8557,-4177,5877,3563,-970,1252,2032,652729,627205,25524,8065,17459,52068,-17178,34890,18998,10226,4381,5845,8772,4885,3887,12147,66035,55278,10757
2014-Jul,1972332,1976267,-3935,1892,5175,7184,-8497,-1970,-5827,-6003,295,1408,-1527,703137,717848,-14711,-6142,-8569,-18646,-29475,-48121,-6337,-7620,672,-8292,1283,-4424,5707,117777,63319,90670,-27351
2014-Jun,2237707,2256078,-18371,-44621,-40792,-1616,-3334,1121,26250,20026,5008,-274,1490,809781,810832,-1051,-13897,12846,-19422,-11094,-30516,-4318,-15133,5056,-20189,10815,9882,933,-104150,-138984,-142404,3420
2014-May,2299865,2263271,36594,12199,8326,2824,-8978,10027,24395,19705,3732,1205,-247,777988,795171,-17183,-999,-16184,19411,-10500,8911,2294,-4954,-1782,-3172,7248,6015,1233,29933,41138,19108,22030
2014-Apr,2444915,2454908,-9993,-27952,-29406,-2358,-8226,12038,17959,18817,276,-284,-850,778901,807126,-28225,-244,-27981,-38218,-9942,-48160,-15392,-41628,-22243,-19385,26236,24560,1676,194961,131409,114123,17286
2014-Mar,2541424,2529062,12362,5953,17804,-7213,5507,-10145,6409,12050,-1391,951,-5201,813886,869986,-56100,1357,-57457,-43738,53198,9460,-2811,9848,14546,-4698,-12659,-11961,-698,-119821,-113172,-102648,-10524
2014-Feb,2226738,2137718,89020,70548,73859,-946,-1530,-835,18472,16596,2451,-527,-48,691202,691882,-680,828,-1508,88340,-7345,80995,5989,2718,8257,-5539,3271,1743,1528,77526,164510,143309,21201
2014-Jan,2350864,2369297,-18433,-1901,12074,-3793,-4912,-5270,-16532,-16661,527,27,-425,773992,751830,22162,33546,-11384,3729,-9684,-5955,8368,-8766,-4355,-4411,17134,15628,1506,92069,94482,127165,-32683
2013-Dec,2047573,2066181,-18608,-1668,28614,-8770,-7409,-14103,-16940,-11761,-5112,477,-544,588320,617749,-29429,-10165,-19264,-48037,-24901,-72938,-5497,34270,20001,14269,-39767,-39559,-208,-68458,-146893,-148120,1227
2013-Nov,2078715,2087850,-9135,-19302,-10331,-1026,-2628,-5317,10167,10208,1721,845,-2607,690383,709315,-18932,-14501,-4431,-28067,-11137,-39204,18494,21505,15947,5558,-3011,-2687,-324,19584,-1126,-15484,14358
2013-Oct,2294928,2248669,46259,50980,32826,1824,4385,11945,-4721,-1893,959,1346,-5133,751774,772366,-20592,-7927,-12665,25667,-18534,7133,11606,-15279,-23289,8010,26885,22845,4040,157944,176683,167408,9275
2013-Sep,2340349,2276391,63958,79235,51819,10068,6259,11089,-15277,-23239,4677,1882,1403,700945,732572,-31627,-24779,-6848,32331,-13149,19182,-24952,-26318,-23671,-2647,1366,-4163,5529,-101776,-107546,-105065,-2481
2013-Aug,2274339,2286363,-12024,-7212,-3457,11365,-1327,-13793,-4812,-10872,8144,1003,-3087,615193,616504,-1311,11050,-12361,-13335,-15107,-28442,-9231,17469,7198,10271,-26700,-26038,-662,17259,-20414,-32957,12543
2013-Jul,2350703,2313627,37076,32109,40587,2420,-664,-10234,4967,-15889,20090,33,733,677821,693436,-15615,417,-16032,21461,-16512,4949,-21360,-21487,-21728,241,127,-1139,1266,60090,43679,47283,-3604
2013-Jun,2627339,2705942,-78603,-82377,-40144,-5975,-10486,-25772,3774,-681,3892,1923,-1360,678502,667164,11338,14851,-3513,-67265,-32354,-99619,2966,7877,24989,-17112,-4911,-4845,-66,61400,-35253,-21970,-13283
2013-May,2768892,2767282,1610,-42173,-29284,-9260,6174,-9803,43783,40298,-1057,2978,1564,734961,761786,-26825,-10731,-16094,-25215,-19310,-44525,-35842,-38996,-19604,-19392,3154,993,2161,142466,62099,52043,10056
2013-Apr,2374591,2384452,-9861,-2719,-14993,6793,-4735,10216,-7142,-23781,16029,-184,794,721753,734189,-12436,4779,-17215,-22297,-19648,-41945,-28041,-17399,-12574,-4825,-10642,-10321,-321,120898,50912,80500,-29588
2013-Mar,2241959,2243916,-1957,-6576,5894,-8018,-8525,4073,4619,-17097,16675,1868,3173,683526,711229,-27703,-831,-26872,-29660,-18284,-47944,33854,33444,14970,18474,410,-920,1330,-2768,-16858,-52817,35959
2013-Feb,2313026,2302415,10611,12946,9079,-2167,8255,-2221,-2335,-6783,3743,1006,-301,624095,649207,-25112,-6109,-19003,-14501,-19313,-33814,11484,15819,7324,8495,-4335,-3763,-572,60130,37800,29387,8413
2013-Jan,2057516,2007400,50116,-12587,-21292,-963,4874,4794,62703,53050,5410,2994,1249,689836,712546,-22710,-2816,-19894,27406,-21544,5862,11304,10661,6303,4358,643,-540,1183,86409,103575,56417,47158
2012-Dec,1773389,1697680,75709,66559,21562,18865,1483,24649,9150,8366,-734,943,575,579363,590451,-11088,-6230,-4858,64621,-21219,43402,-5609,-12623,-1891,-10732,7014,5866,1148,-20334,17459,18316,-857
2012-Nov,1818113,1753373,64740,64659,28084,8015,5955,22605,81,-3512,1448,2235,-90,627619,637590,-9971,-3226,-6745,54769,-39293,15476,7848,4386,323,4063,3462,2659,803,-3438,19886,35459,-15573
2012-Oct,2095329,2061737,33592,27418,6660,14971,3361,2426,6174,7116,-3034,857,1235,666402,691834,-25432,-25528,96,8160,-21830,-13670,-2201,-10280,-5912,-4368,8079,8483,-404,-50787,-66658,-65157,-1501
2012-Sep,1989438,1967050,22388,7258,-22522,14223,-8610,24167,15130,2231,9807,2692,400,621457,636327,-14870,-21666,6796,7518,-21673,-14155,17148,23171,12385,10786,-6023,-5250,-773,25236,28229,13251,14978
2012-Aug,2051086,1968215,82871,52816,19687,16307,11326,5496,30055,18967,9403,1565,120,520923,509997,10926,13412,-2486,93797,-17862,75935,45958,41026,24905,16121,4932,6031,-1099,-69464,52429,13157,39272
2012-Jul,1924103,1851574,72529,47275,24525,16516,-1089,7323,25254,31855,-8016,615,800,557665,549543,8122,8885,-763,80651,-19055,61596,-10383,-11816,-4199,-7617,1433,-569,2002,30662,81875,66248,15627
2012-Jun,1998418,1988881,9537,256,10578,16620,-20763,-6179,9281,22924,-14337,-2807,3501,601440,595777,5663,11650,-5987,15200,-17811,-2611,-2020,416,-1974,2390,-2436,-220,-2216,32649,28018,38440,-10422
2012-May,2333077,2249134,83943,51483,52732,4420,-7055,1386,32460,22192,8479,651,1138,639541,632911,6630,16241,-9611,90573,-17415,73158,1257,9372,-4774,14146,-8115,-7496,-619,59247,133662,90034,43628
2012-Apr,2137141,2095639,41502,25777,27466,2032,-3708,-13,15725,19231,-6194,469,2219,614966,615192,-226,3226,-3452,41276,-19102,22174,1001,-13864,-3578,-10286,14865,15419,-554,-2935,20240,13348,6892
2012-Mar,2222920,2200313,22607,-5660,-16545,9239,-3314,4960,28267,34025,-5373,-811,426,719351,705320,14031,17329,-3298,36638,-18023,18615,-3929,2075,6380,-4305,-6004,-5018,-986,-56487,-41801,-53005,11204
2012-Feb,2194600,2172110,22490,2119,-174,1726,-7804,8371,20371,13337,7433,699,-1098,644462,659368,-14906,-8583,-6323,7584,-13542,-5958,60092,27714,15633,12081,32378,32566,-188,48121,102255,77543,24712
2012-Jan,2055745,1953534,102211,68259,54535,11276,-806,3254,33952,33124,-135,-157,1120,592256,582340,9916,14367,-4451,112127,-17125,95002,-45845,-43289,-36508,-6781,-2556,-4595,2039,-52634,-3477,-12505,9028
2011-Dec,1651967,1669547,-17580,-8056,7164,16397,-19329,-12288,-9524,-20277,10818,-1385,1320,543369,504881,38488,28168,10320,20908,-16669,4239,-16107,-1819,19615,-21434,-14288,-10519,-3769,113780,101912,126775,-24863
2011-Nov,2121703,2057055,64648,46966,37123,11451,3549,-5157,17682,23666,-5283,1286,-1987,588115,584794,3321,1969,1352,67969,-16063,51906,33470,26287,22135,4152,7183,5602,1581,-44161,41215,21224,19991
2011-Oct,2172249,2153833,18416,22450,27503,4052,-10938,1833,-4034,-5972,658,361,919,574173,578281,-4108,-1918,-2190,14308,-14172,136,-41862,-11922,871,-12793,-29940,-23822,-6118,7163,-34563,3082,-37645
2011-Sep,2343668,2267194,76474,39594,55944,8230,-5214,-19366,36880,38425,-1791,278,-32,575230,575266,-36,-2028,1992,76438,-12547,63891,-2038,3366,25293,-21927,-5404,-1370,-4034,13297,75150,87064,-11914
2011-Aug,3201870,3132863,69007,77603,76712,8570,-1173,-6506,-8596,-9679,-877,1974,-14,631068,642149,-11081,-7923,-3158,57926,-10563,47363,23938,28369,11104,17265,-4431,-5509,1078,29388,100689,68501,32188
2011-Jul,2099434,2075536,23898,9369,1151,6427,2251,-460,14529,14166,1354,-373,-618,590679,612592,-21913,-5974,-15939,1985,-16812,-14827,-48720,-37990,-18828,-19162,-10730,-10122,-608,-12484,-76031,-65501,-10530
2011-Jun,2574174,2581203,-7029,-16079,-9392,2148,-11784,2949,9050,11283,-2383,-694,844,698184,688895,9289,7648,1641,2260,-11547,-9287,-5322,-4831,7296,-12127,-491,-4201,3710,-8483,-23092,-22352,-740
2011-May,2481389,2427804,53585,30313,27090,-9179,4530,7872,23272,21628,647,-377,1374,648978,681205,-32227,-25831,-6396,21358,-15293,6065,-10064,-8659,-10249,1590,-1405,-55,-1350,-23302,-27301,-42526,15226
2011-Apr,2030770,1985477,45293,13752,-4387,5079,-3556,16616,31541,29556,1834,-1029,1180,639119,662666,-23547,-10420,-13127,21746,-12993,8753,-35,-10060,-16798,6738,10025,9225,800,50165,58883,13558,45325
2011-Mar,2663478,2606231,57247,46835,21877,9165,1156,14637,10412,7448,2688,354,-78,781835,825160,-43325,-29419,-13906,13922,-11984,1938,-13725,-14829,2663,-17492,1104,4131,-3027,149223,137436,144878,-7442
2011-Feb,2281075,2247625,33450,13554,17027,-6842,-3262,6631,19896,15705,5797,-1066,-540,636273,648063,-11790,1649,-13439,21660,-14867,6793,3262,-1288,5216,-6504,4550,7638,-3088,81427,91482,85608,5874
2011-Jan,2197052,2121086,75966,46325,30604,2085,-226,13862,29641,18206,9859,-508,2084,592275,619673,-27398,-8546,-18852,48568,-20725,27843,-22395,-29231,-5844,-23387,6836,4992,1844,28748,34196,47164,-12968
2010-Dec,2141232,2068466,72766,60043,39297,10499,3560,6687,12723,13748,-445,-656,76,550766,562227,-11461,-2978,-8483,61305,-20761,40544,-35710,-31563,5327,-36890,-4147,-486,-3661,54558,59392,100390,-40998
2010-Nov,2537187,2444803,92384,72074,44032,10034,3468,14540,20310,16641,3968,944,-1243,602279,610304,-8025,605,-8630,84359,-20020,64339,-42756,-22299,9804,-32103,-20457,-16608,-3849,8390,29973,60475,-30502
2010-Oct,2043423,1995061,48362,55546,24005,6986,7397,17158,-7184,-693,-5317,-214,-960,611674,630643,-18969,-9005,-9964,29393,-20750,8643,20253,16650,-10235,26885,3603,6099,-2496,-27196,1700,-14703,16403
2010-Sep,2154239,2075285,78954,69380,35761,7775,4445,21399,9574,41390,-31336,279,-759,606975,610486,-3511,1950,-5461,75443,-20998,54445,-27516,-23227,-32027,8800,-4289,-5361,1072,58686,85615,71488,14127
2010-Aug,2125005,1989496,135509,112911,87413,13282,7677,4539,22598,30599,-8223,-165,387,487664,496686,-9022,-15952,6930,126487,-28118,98369,35115,32384,18621,13763,2731,-1851,4582,-114096,19388,-13071,32459
2010-Jul,1694366,1621629,72737,68465,21934,28686,5487,12358,4272,8224,-4163,-135,346,513464,526762,-13298,-7129,-6169,59439,-17710,41729,16672,11473,-15975,27448,5199,4380,819,15921,74322,51618,22704
2010-Jun,2085038,2055534,29504,12861,20341,14636,-17460,-4656,16643,11387,4857,-31,430,583046,569557,13489,9400,4089,42993,-21428,21565,11698,12920,25444,-12524,-1222,-1144,-78,-42370,-9107,3224,-12331
2010-May,2321546,2293846,27700,19574,8844,22939,-13161,952,8126,6145,3341,-404,-956,675064,670862,4202,14194,-9992,31902,-21639,10263,-12332,-7988,23593,-31581,-4344,-4011,-333,20373,18304,57432,-39128
2010-Apr,1997998,1890846,107152,89411,62536,9658,8107,9110,17741,14650,2788,-364,667,713113,742634,-29521,-16175,-13346,77631,-20900,56731,2931,-3875,-1082,-2793,6806,1800,5006,-50354,9308,-6195,15503
2010-Mar,2308374,2152823,155551,122816,79360,18005,13689,11762,32735,28288,2564,1557,326,770784,786638,-15854,-13028,-2826,139697,-20186,119511,13074,24697,19927,4770,-11623,-14526,2903,-136161,-3576,-22476,18900
2010-Feb,1899648,1848391,51257,52416,47074,4952,-12222,12612,-1159,1128,-2366,-275,354,619049,620954,-1905,-499,-1406,49352,-6063,43289,-33006,-4922,514,-5436,-28084,-27317,-767,8583,18866,42336,-23470
2010-Jan,1708973,1672561,36412,40604,61020,-1276,-24938,5798,-4192,558,-3825,261,-1186,589920,611304,-21384,-16027,-5357,15028,-16134,-1106,-29587,-44407,-18308,-26099,14820,16088,-1268,26384,-4309,32856,-37165
2009-Dec,1757844,1675924,81920,59957,45495,3012,-7228,18678,21963,24322,-2961,-704,1306,452538,460737,-8199,-6622,-1577,73721,-13238,60483,-68767,-53753,-911,-52842,-15014,-14860,-154,74286,66002,89287,-23285
2009-Nov,1894293,1765391,128902,95606,86691,3475,-4314,9754,33296,31184,2433,-290,-31,481994,484480,-2486,-5098,2612,126416,-14055,112361,-29117,-20518,-7593,-12925,-8599,-13207,4608,-55927,27317,30423,-3106
2009-Oct,1992352,1949346,43006,28383,23867,-3880,-1350,9746,14623,15043,-1478,506,552,555419,579110,-23691,-19364,-4327,19315,-12285,7030,-72561,-37907,-38597,690,-34654,-32271,-2383,42371,-23160,-43761,20601
2009-Sep,1815083,1758868,56215,45356,25719,6685,-2491,15443,10859,18966,-8312,-24,229,490228,505228,-15000,-15530,530,41215,-13587,27628,-16216,-5214,8930,-14144,-11002,-5350,-5652,76024,87436,110490,-23054
2009-Aug,1744013,1704775,39238,27611,14874,6202,-5542,12077,11627,13183,-1609,-126,179,389779,392637,-2858,10024,-12882,36380,-16133,20247,-18913,-2703,-3417,714,-16210,-9747,-6463,16847,18181,29254,-11073
2009-Jul,1649558,1603774,45784,33889,15531,2746,-9602,25214,11895,15721,-7183,-1221,4578,438483,466879,-28396,-14174,-14222,17388,-19864,-2476,-3195,13691,-21003,34694,-16886,-8346,-8540,-62085,-67756,-95919,28163
2009-Jun,2040690,1915295,125395,106956,78001,13693,-2427,17689,18439,22498,-5816,-434,2191,485250,518679,-33429,-19514,-13915,91966,-21630,70336,-37063,-9203,5071,-14274,-27860,-22815,-5045,-126124,-92851,-86598,-6253
2009-May,1548283,1539016,9267,32639,-813,13741,1756,17955,-23372,-21763,-600,-937,-72,400015,426877,-26862,-16051,-10811,-17595,-19224,-36819,24694,53041,-2543,55584,-28347,-25475,-2872,-22976,-35101,-46057,10956
2009-Apr,1485350,1451205,34145,18164,24844,1130,-10801,2991,15981,17125,-3502,1436,922,381893,404590,-22697,-13769,-8928,11448,-21194,-9746,-43163,-45611,-33471,-12140,2448,-1725,4173,-7698,-60607,-60643,36
2009-Mar,1757790,1696086,61704,35543,26215,-12933,8231,14030,26161,29026,-2733,-861,729,380302,381238,-936,-344,-592,60768,-20263,40505,28649,48595,27060,21535,-19946,-11860,-8086,-11452,57702,47388,10314
2009-Feb,1457044,1434484,22560,27619,23694,5264,2999,-4338,-5059,-1959,-3229,-5,134,314902,313376,1526,-112,1638,24086,-17137,6949,38493,68454,34195,34259,-29961,-19076,-10885,-185900,-140458,-147766,7308
2009-Jan,1337429,1346708,-9279,-720,12864,-7720,-7680,1816,-8559,-1940,-7916,335,962,350637,374443,-23806,-26920,3114,-33085,-16540,-49625,30381,-16445,-45481,29036,46826,43563,3263,-133791,-153035,-168608,15573
2008-Dec,1493240,1470189,23051,25895,10733,-24448,38149,1461,-2844,3851,-12863,3533,2635,357207,344479,12728,12243,485,35779,-10084,25695,1798,25952,-4772,30724,-24154,-6072,-18082,52869,80362,77406,2956
2008-Nov,1562044,1621320,-59276,-22158,420,-10558,-15342,3322,-37118,-26204,-11674,-873,1633,416850,385370,31480,10218,21262,-27796,-12113,-39909,50197,81776,15174,66602,-31579,-7529,-24050,68084,78372,90081,-11709
2008-Oct,2514666,2548144,-33478,-15828,34189,-33394,-13822,-2801,-17650,-1486,-16468,439,-135,651361,623274,28087,6694,21393,-5391,-14328,-19719,92793,145489,61720,83769,-52696,-14803,-37893,199864,272938,260893,12045
2008-Sep,3081762,3054076,27686,32521,15172,13174,-7289,11464,-4835,4944,-8677,-1150,48,710003,678590,31413,33885,-2472,59099,-13248,45851,17080,93582,62363,31219,-76502,-68152,-8350,22275,85206,73946,11260
2008-Aug,2163947,2169411,-5464,4759,27989,-11043,-12620,433,-10223,4848,-13146,-510,-1415,585737,565515,20222,17371,2851,14758,-12959,1799,22875,31739,18641,13098,-8864,-750,-8114,5974,30648,35565,-4917
2008-Jul,2819516,2837486,-17970,-13119,23944,-25906,-4310,-6847,-4851,10068,-16160,172,1069,720370,689268,31102,14208,16894,13132,-14710,-1578,-1039,2729,-3110,5839,-3768,-10036,6268,-14936,-17553,-33438,15885
2008-Jun,2794173,2733898,60275,45399,26909,20216,583,-2309,14876,1105,9142,4102,527,689343,705484,-16141,-17808,1667,44134,-16648,27486,4281,8010,1323,6687,-3729,-5778,2049,63027,94794,73170,21624
2008-May,2599231,2496080,103151,86715,5524,14493,50754,15944,16436,-3724,11036,9088,36,677255,706422,-29167,-11061,-18106,73984,-22668,51316,3252,9211,4936,4275,-5959,6380,-12339,-99962,-45394,-55209,9815
2008-Apr,2584570,2482354,102216,60957,54294,1178,17490,-12005,41259,22298,11012,7513,436,698861,691526,7335,7580,-245,109551,-21110,88441,-14048,3851,-9904,13755,-17899,-4960,-12939,-3808,70585,47719,22866
2008-Mar,3066483,2992661,73822,25373,22992,197,-8779,10963,48449,28011,15937,4088,413,752527,756524,-3997,-1075,-2922,69825,-20341,49484,5317,29074,32123,-3049,-23757,-16508,-7249,-107045,-52244,-57901,5657
2008-Feb,2913130,2846005,67125,60384,15834,32363,14907,-2720,6741,-3594,1203,4360,4772,684021,700490,-16469,1811,-18280,50656,-18219,32437,-624,14538,18608,-4070,-15162,-9567,-5595,12554,44367,55983,-11616
2008-Jan,3132110,3058359,73751,20991,662,16352,-552,4529,52760,36101,-630,3946,13343,771368,793773,-22405,-20124,-2281,51346,-17740,33606,50796,11521,872,10649,39275,32377,6898,-47663,36739,-50573,87312
2007-Dec,2313598,2249675,63923,28143,-10557,-11339,29081,20958,35780,10980,4080,8218,12502,601133,616844,-15711,-15708,-3,48212,-13696,34516,30465,15679,4891,10788,14786,13741,1045,-26779,38202,-11233,49435
2007-Nov,2901782,2837654,64128,52363,19447,17466,11182,4268,11765,378,6007,4898,482,731675,713753,17922,8306,9616,82050,-16705,65345,37608,16023,11304,4719,21585,4433,17152,17707,120660,77619,43041
2007-Oct,2683180,2550204,132976,111157,50944,4830,25473,29910,21819,3980,10048,7437,354,811054,815092,-4038,-9063,5025,128938,-19671,109267,34190,8787,5796,2991,25403,5979,19424,-53034,90423,50046,40377
2007-Sep,2339108,2284801,54307,26028,9930,2288,11287,2523,28279,14370,9194,4631,84,560501,600879,-40378,-19080,-21298,13929,-24170,-10241,-1074,-6644,-6081,-563,5570,-2462,8032,-23895,-35210,-46516,11306
2007-Aug,3335251,3372985,-37734,-13485,25168,4292,-3940,-39005,-24249,-29685,4063,2985,-1612,826274,861422,-35148,-22359,-12789,-72882,-20520,-93402,30896,21790,17754,4036,9106,-17927,27033,-80701,-143207,-119888,-23319
2007-Jul,2473707,2448484,25223,20835,-2435,1199,3694,18377,4388,-6925,7468,1030,2815,743824,757883,-14059,830,-14889,11164,-29190,-18026,54344,18299,2944,15355,36045,35034,1011,48627,84945,48950,35995
2007-Jun,2624823,2501073,123750,95967,17870,23601,26278,28218,27783,6433,15993,3702,1655,721692,736794,-15102,-6659,-8443,108648,-20242,88406,-27053,-17695,-5957,-11738,-9358,-13844,4486,-26888,34465,3922,30543
2007-May,2429804,2259692,170112,158610,27248,14251,74394,42717,11502,-4590,12793,3972,-673,735081,769441,-34360,-21773,-12587,135752,-19685,116067,-17756,-4341,1096,-5437,-13415,-13809,394,3073,101384,104454,-3070
2007-Apr,2028855,1931037,97818,72505,-8901,22430,30717,28259,25313,9364,13691,2911,-653,624237,638253,-14016,-11026,-2990,83802,-13121,70681,-22570,-28530,-11422,-17108,5960,10632,-4672,35970,84081,72087,11994
2007-Mar,2719330,2617437,101893,81120,29724,-960,43286,9070,20773,1377,16108,2873,415,697180,739933,-42753,-32714,-10039,59140,-17854,41286,39501,19875,6513,13362,19626,14598,5028,-31472,49315,19220,30095
2007-Feb,2047570,1962472,85098,72511,15527,678,44139,12167,12587,2172,4545,5553,317,587649,606242,-18593,-4135,-14458,66505,-20754,45751,21564,4977,4533,444,16587,15603,984,27499,94814,62843,31971
2007-Jan,1833591,1709263,124328,112344,21008,21186,47198,22952,11984,-4860,15067,2356,-579,548794,561763,-12969,-524,-12445,111359,-18913,92446,17919,1432,-3095,4527,16487,20216,-3729,-19799,90566,66045,24521
2006-Dec,1843410,1780415,62995,39032,4282,12300,33502,-11052,23963,6092,15506,2864,-499,510763,561921,-51158,-31566,-19592,11837,-16270,-4433,9104,-4340,4995,-9335,13444,7665,5779,-19368,-14697,-43506,28809
2006-Nov,1918450,1798464,119986,113893,32345,11771,60576,9201,6093,1016,3955,3220,-2098,526205,559050,-32845,-11186,-21659,87141,-25022,62119,16012,9222,1530,7692,6790,7921,-1131,11634,89765,79831,9934
2006-Oct,1869757,1763629,106128,80806,6894,8508,37894,27510,25322,18463,5260,2006,-407,498816,515644,-16828,-9006,-7822,89300,-12424,76876,410,3768,4688,-920,-3358,8022,-11380,2114,79400,87393,-7993
2006-Sep,1751036,1645600,105436,88827,-5296,17580,61159,15384,16609,7589,7872,1830,-682,417691,441422,-23731,-15153,-8578,81705,-13857,67848,-11283,-15038,-4469,-10569,3755,5336,-1581,25272,81837,72166,9671
2006-Aug,1749716,1620516,129200,100151,26424,23586,42264,7877,29049,16482,9599,2761,207,419747,423672,-3925,-10154,6229,125275,-12848,112427,5562,2252,-1756,4008,3310,11112,-7802,-6005,111984,100098,11886
2006-Jul,1571870,1507670,64200,38636,1169,5708,19088,12671,25564,9713,13108,1119,1624,381138,401187,-20049,-17501,-2548,44151,-15878,28273,25544,4197,2918,1279,21347,24024,-2677,14801,68618,38400,30218
2006-Jun,1790851,1699019,91832,85720,31847,16720,39957,-2804,6112,-3103,6286,1751,1178,458746,467057,-8311,-11028,2717,83521,-17286,66235,64353,-4808,5218,-10026,69161,63008,6153,-127228,3360,5795,-2435
2006-May,2066855,1959202,107653,107346,27869,26817,39813,12847,307,-12516,9160,2493,1170,569047,595750,-26703,-18768,-7935,80950,-10216,70734,27581,-3519,-1253,-2266,31100,18747,12353,6387,104702,83880,20822
2006-Apr,1483289,1415091,68198,44554,-15934,12073,39428,8987,23644,12426,5932,1889,3397,416087,435287,-19200,-7648,-11552,48998,-14085,34913,2231,-19041,-1047,-17994,21272,17331,3941,62117,99261,90850,8411
2006-Mar,1824470,1728159,96311,94904,15715,11304,46664,21221,1407,-7031,4205,2605,1628,482045,503315,-21270,-8501,-12769,75041,-11346,63695,2313,2077,2406,-329,236,5762,-5526,31398,97406,95030,2376
2006-Feb,1621314,1516363,104951,85078,5246,27245,34087,18500,19873,14130,2815,3602,-674,435100,446637,-11537,44,-11581,93414,-9809,83605,-10575,6562,977,5585,-17137,-5966,-11171,34923,107953,92526,15427
2006-Jan,1586113,1499782,86331,67681,-4664,20220,27818,24307,18650,6378,8934,2416,922,400513,415863,-15350,-3985,-11365,70981,-15581,55400,14911,9711,1697,8014,5200,11948,-6748,161937,232248,220327,11921
2005-Dec,1223188,1148772,74416,63226,11186,8414,33306,10320,11190,5838,2804,2535,13,347373,369409,-22036,-5615,-16421,52380,-12288,40092,-5197,-17116,-4127,-12989,11919,-4272,16191,32116,67011,62672,4339
2005-Nov,1461600,1354648,106952,96862,46867,7889,36479,5627,10090,4959,3217,1818,96,345527,363283,-17756,-337,-17419,89196,-11785,77411,2515,17319,2268,15051,-14804,-10710,-4094,7930,87856,65881,21975
2005-Oct,1482801,1375150,107651,96643,24191,29596,34701,8155,11008,5973,3203,1604,228,382984,386714,-3730,2247,-5977,103921,-12777,91144,6042,5148,716,4432,894,7335,-6441,28720,125906,112137,13769
2005-Sep,1669760,1561322,108438,104683,23315,17521,41819,22028,3755,-1116,1676,2190,1005,320818,344949,-24131,-17822,-6309,84307,-15385,68922,-3087,-18534,-8499,-10035,15447,9447,6000,12692,78527,81959,-3432
2005-Aug,1430969,1350965,80004,74386,21901,16187,34737,1561,5618,3662,-411,2026,341,311874,312253,-379,16604,-16983,79625,-15207,64418,-5495,1164,-1085,2249,-6659,-3519,-3140,-11609,47314,42169,5145
2005-Jul,1286950,1192482,94468,83904,23607,30523,21999,7775,10564,5064,4165,1392,-57,271576,289263,-17687,-8879,-8808,76781,-14120,62661,-15543,-7018,-5261,-1757,-8525,812,-9337,15990,63108,57450,5658
2005-Jun,1523661,1431155,92506,68710,2076,15591,47886,3157,23796,17597,3052,2609,538,305916,323449,-17533,-5038,-12495,74973,-12941,62032,-46341,-29513,-5464,-24049,-16828,-14795,-2033,-36800,-21109,-27000,5891
2005-May,1494716,1451858,42858,29241,-6302,17546,17568,429,13617,7925,3898,1842,-48,285369,301369,-16000,-11269,-4731,26858,-10747,16111,8076,-637,507,-1144,8713,1451,7262,27445,51632,45757,5875
2005-Apr,1407286,1348646,58640,47663,16535,8506,17762,4860,10977,13174,-1536,64,-725,284927,293641,-8714,-6199,-2515,49926,-13062,36864,21033,-980,4760,-5740,22013,8592,13421,-33721,24176,-11486,35662
2005-Mar,1524677,1459445,65232,78514,48390,6188,21240,2696,-13282,-14227,1316,-422,51,324790,346568,-21778,-6695,-15083,43454,-10929,32525,-8445,3561,2951,610,-12006,-13296,1290,60155,84235,91239,-7004
2005-Feb,1364740,1273353,91387,73076,32326,10584,28930,1236,18311,12219,3932,2106,54,275612,291089,-15477,-381,-15096,75910,-5192,70718,6425,-4651,2364,-7015,11076,22665,-11589,-4661,72482,83039,-10557
2005-Jan,1287113,1198125,88988,74219,25331,19082,16654,13152,14769,7621,6313,1377,-542,243220,250390,-7170,-1711,-5459,81818,-8523,73295,-7561,-7683,-4734,-2949,122,6860,-6738,-81899,-16165,-25805,9640
2004-Dec,1308477,1224629,83848,73585,1378,25582,39313,7312,10263,6976,1025,1635,627,262524,284902,-22378,-8293,-14085,61470,-7789,53681,-2244,-5706,5995,-11701,3462,-9901,13363,30969,82406,61095,21311
2004-Nov,1405663,1304212,101451,73496,12673,24311,24298,12214,27955,21049,3487,1891,1528,274212,285986,-11774,-3997,-7777,89677,40671,130348,-11987,164,3617,-3453,-12151,-6745,-5406,61298,179659,165046,14613
2004-Oct,1193809,1130025,63784,48919,3554,22866,18853,3646,14865,15649,-928,887,-743,254868,270664,-15796,-5594,-10202,47988,-6281,41707,16256,-1029,-897,-132,17285,-1504,18789,11415,69378,38121,31257
2004-Sep,1250695,1183518,67177,52636,6165,5980,43824,-3333,14541,10874,2446,1234,-13,228176,258080,-29904,-25409,-4495,37273,-6323,30950,2800,7370,1165,6205,-4570,-607,-3963,-22065,11685,-14449,26134
2004-Aug,1207146,1153806,53340,34038,-2120,14923,23656,-2421,19302,15515,2568,1107,112,233685,242053,-8368,-7578,-790,44972,-6820,38152,18125,4756,2435,2321,13369,9565,3804,19181,75458,63746,11712
2004-Jul,1202863,1135014,67849,58476,6716,16761,27686,7313,9373,5935,2511,819,108,234657,253537,-18880,-9764,-9116,48969,-7260,41709,17897,3851,754,3097,14046,9311,4735,-7519,52087,32336,19751
2004-Jun,1233569,1143270,90299,74539,29012,14748,26588,4191,15760,16335,-923,801,-453,250076,259405,-9329,-1071,-8258,80970,-7060,73910,101982,31243,15514,15729,70739,57861,12878,7624,183516,119429,64087
2004-May,1312229,1249365,62864,56089,20776,21025,19963,-5675,6775,7866,-1811,548,172,252603,260356,-7753,-1298,-6455,55111,-9239,45872,2358,3912,-4365,8277,-1554,-1329,-225,19378,67608,61513,6095
2004-Apr,1375483,1279556,95927,69776,27669,24337,18388,-618,26151,22691,1760,606,1094,260671,264494,-3823,6030,-9853,92104,-11632,80472,-8224,-9121,-2084,-7037,897,8998,-8101,-10058,62190,48892,13298
2004-Mar,1393455,1326107,67348,29391,17648,-3410,25235,-10082,37957,33567,2786,1274,330,329508,326732,2776,841,1935,70124,-6652,63472,23848,9504,3224,6280,14344,10346,3998,-46483,40837,-8078,48915
2004-Feb,1157656,1089305,68351,45861,8266,16114,19568,1913,22490,17892,4227,193,178,270193,284099,-13906,-8190,-5716,54445,-2672,51773,20530,14531,3404,11127,5999,4610,1389,-48415,23888,-7423,31311
2004-Jan,1137839,1043621,94218,64057,19202,22414,10664,11777,30161,26791,3602,469,-701,271946,285653,-13707,-3549,-10158,80511,-7747,72764,8781,511,-1943,2454,8270,-3253,11523,48603,130148,76992,53156
2003-Dec,1018831,942865,75966,62262,19229,10625,19318,13090,13704,8660,4442,699,-97,228354,229179,-825,5871,-6696,75141,-10233,64908,7598,-3048,500,-3548,10646,10485,161,699,73205,57740,15465
2003-Nov,986343,904199,82144,60474,16584,7372,27597,8921,21670,18968,1873,968,-139,227110,237566,-10456,-7523,-2933,71688,-9304,62384,8751,11111,3402,7709,-2360,-4064,1704,38194,109329,84194,25135
2003-Oct,1238429,1197265,41164,14267,-13091,8519,19968,-1129,26897,23593,2803,723,-222,277422,299583,-22161,-10525,-11636,19003,-9351,9652,4891,-1889,-1842,-47,6780,7107,-327,47576,62119,38114,24005
2003-Sep,1152366,1131733,20633,7587,-3913,-2167,19767,-6100,13046,10659,2039,437,-89,260661,261552,-891,11918,-12809,19742,-11961,7781,-19936,-8302,-574,-7728,-11634,-21397,9763,-1771,-13926,-42155,28229
2003-Aug,1266789,1213052,53737,56755,21238,7868,16078,11571,-3018,-4487,809,486,174,201448,213083,-11635,2827,-14462,42102,-12826,29276,10870,9091,703,8388,1779,-92,1871,13441,53587,48650,4937
2003-Jul,1287886,1208420,79466,67390,39123,12201,25593,-9527,12076,11573,33,479,-9,259213,256282,2931,11465,-8534,82397,-12159,70238,-13671,-3661,106,-3767,-10010,-5088,-4922,52110,108677,102735,5942
2003-Jun,1305375,1227542,77833,60548,23626,6963,20755,9204,17285,15925,956,311,93,246802,258702,-11900,-5684,-6216,65933,-11542,54391,-3337,2166,2280,-114,-5503,-6308,805,-21322,29732,18376,11356
2003-May,1252333,1150826,101507,87296,28363,25038,27191,6704,14211,13422,656,187,-54,227376,235890,-8514,3258,-11772,92993,-10547,82446,20638,8301,-1133,9434,12337,3493,8844,-9573,93511,44911,48600
2003-Apr,938995,885852,53143,52244,9765,15902,22092,4485,899,-1100,2059,-41,-19,201270,195561,5709,3441,2268,58852,-10157,48695,435,-5875,-318,-5557,6310,5539,771,13655,62785,69244,-6459
2003-Mar,1196277,1124971,71306,70019,26967,13828,26444,2780,1287,-86,881,463,29,231569,236663,-5094,-156,-4938,66212,-22911,43301,6715,11945,2313,9632,-5230,-7088,1858,-15620,34396,25736,8660
2003-Feb,932477,915596,16881,7484,-7531,4531,12565,-2081,9397,4321,4849,223,4,187380,179595,7785,11863,-4078,24666,-8742,15924,-4600,1883,-702,2585,-6483,-11369,4886,101188,112512,89823,22689
2003-Jan,949860,903780,46080,38652,-618,19199,22942,-2871,7428,2390,4521,498,19,213241,214731,-1490,5291,-6781,44590,-9130,35460,-2259,279,-4322,4601,-2538,1551,-4089,-41572,-8371,-15925,7554
2002-Dec,918565,872921,45644,35814,7227,12291,13111,3185,9830,6252,3511,67,0,205481,213084,-7603,-4981,-2622,38041,-9396,28645,8405,2448,2102,346,5957,633,5324,25612,62662,50614,12048
2002-Nov,1185340,1117214,68126,54632,8735,17746,21635,6516,13494,12328,646,560,-40,238141,236881,1260,2234,-974,69386,-9674,59712,6960,4756,3086,1670,2204,2483,-279,-1483,65189,50959,14230
2002-Oct,1169945,1128270,41675,40010,6004,21164,9205,3637,1665,82,1031,570,-18,222488,221779,709,6865,-6156,42384,-7639,34745,-5887,-536,-3756,3220,-5351,-3984,-1367,3325,32183,32970,-787
2002-Sep,1089966,1049828,40138,40445,25407,17677,3665,-6304,-307,-3737,3380,209,-159,213161,211332,1829,1064,765,41967,-7617,34350,-5767,-1959,1844,-3803,-3808,-2064,-1744,17876,46459,43449,3010
2002-Aug,1166769,1125904,40865,35439,3712,13210,13830,4687,5426,635,4204,662,-75,204926,203597,1329,-1749,3078,42194,-5384,36810,13379,2872,2117,755,10507,10535,-28,6953,57142,58030,-888
2002-Jul,1272460,1222711,49749,51516,29626,8523,3780,9587,-1767,-5268,3293,138,70,260232,239159,21073,7722,13351,70822,-4054,66768,4933,14152,2127,12025,-9219,-3259,-5960,37790,109491,103205,6286
2002-Jun,1030579,979212,51367,45265,12162,8411,20715,3977,6102,2161,3653,246,42,230864,230207,657,5574,-4917,52024,-199,51825,113620,22234,8037,14197,91386,87896,3490,-75780,89665,59560,30105
2002-May,1160672,1105449,55223,53465,10596,16503,26531,-165,1758,-69,1864,113,-150,239004,239494,-490,7325,-7815,54733,20,54753,9325,7839,1105,6734,1486,-1952,3438,25846,89924,74120,15804
2002-Apr,1061066,1019882,41184,41083,-7229,23372,16818,8122,101,-1605,1051,1033,-378,215170,217923,-2753,394,-3147,38431,20,38451,-6850,-5575,1,-5576,-1275,-5703,4428,34077,65678,62331,3347
2002-Mar,1097635,1025339,72296,62672,14099,15816,25209,7548,9624,5233,3744,1323,-676,226591,213586,13005,7331,5674,85301,2523,87824,-4308,2058,4781,-2723,-6366,-2743,-3623,-1586,81930,84166,-2236
2002-Feb,891796,866772,25024,26293,11025,5144,7183,2941,-1269,-2177,1204,455,-751,185776,186202,-426,2252,-2678,24598,2034,26632,11712,-2375,172,-2547,14087,519,13568,9545,47889,37023,10866
2002-Jan,978136,961862,16274,21616,-8592,6738,15027,8443,-5342,-6686,969,225,150,198199,199790,-1591,-5539,3948,14683,22,14705,21355,4767,340,4427,16588,22674,-6086,-27260,8800,10323,-1523
2001-Dec,792782,748392,44390,40750,7756,6413,13201,13380,3640,1061,2216,459,-96,158025,167926,-9901,-946,-8955,34489,-8706,25783,-13617,-5071,772,-5843,-8546,-9832,1286,-24504,-12338,-2704,-9634
2001-Nov,1017349,960959,56390,46340,6096,10725,16426,13093,10050,6266,3348,357,79,204174,202483,1691,-1104,2795,58081,-122,57959,-5353,8109,1628,6481,-13462,-7917,-5545,20122,72728,64491,8237
2001-Oct,935742,871890,63852,58639,13484,25211,12875,7069,5213,2239,2066,716,192,200390,204241,-3851,-754,-3097,60001,-516,59485,21842,8581,1399,7182,13261,11741,1520,14487,95814,87231,8583
2001-Sep,737737,732393,5344,-118,-3683,5651,9754,-11840,5462,2549,2177,428,308,186671,174014,12657,10326,2331,18001,-769,17232,298,99,870,-771,199,1690,-1491,-20653,-3123,-11924,8801
2001-Aug,831736,794450,37286,37261,4493,13375,12451,6942,25,343,-1339,260,761,185129,176699,8430,10535,-2105,45716,4749,50465,15146,13314,1932,11382,1832,996,836,-7128,58483,63194,-4711
2001-Jul,766449,739065,27384,28948,-10753,13530,14985,11186,-1564,-741,-1054,-58,289,205877,206588,-711,5629,-6340,26673,-235,26438,-4463,4361,268,4093,-8824,-7273,-1551,33302,55277,42752,12525
2001-Jun,809676,770751,38925,42562,-202,17640,14848,10276,-3637,-3243,-734,178,162,221714,227208,-5494,1048,-6542,33431,-30450,2981,12852,454,-808,1262,12398,15205,-2807,-13301,2532,4514,-1982
2001-May,910836,850057,60779,57951,2163,5500,33110,17178,2828,913,1450,322,143,236861,242341,-5480,2267,-7747,55299,-1562,53737,-18903,-4670,1555,-6225,-14233,-6525,-7708,15797,50631,69080,-18449
2001-Apr,833448,803332,30116,33232,-4656,9754,21663,6471,-3116,-9055,5716,67,156,214379,213339,1040,5483,-4443,31156,-915,30241,8282,-11095,-49,-11046,19377,22017,-2640,2717,41240,52105,-10865
2001-Mar,900653,842081,58572,56745,4648,18357,26411,7329,1827,249,1187,292,99,248529,259558,-11029,-1295,-9734,47543,31,47574,-17245,-7804,-7340,-464,-9441,-11431,1990,-72581,-42252,-43796,1544
2001-Feb,815745,760068,55677,54567,6547,9249,29334,9437,1110,667,278,167,-2,232184,234380,-2196,1235,-3431,53481,30,53511,2680,-2627,672,-3299,5307,1672,3635,12964,69155,70793,-1638
2001-Jan,909599,867465,42134,37312,-10853,11165,13135,23865,4822,2226,2109,574,-87,263833,268600,-4767,-1922,-2845,37367,-3005,34362,20148,4618,-1339,5957,15530,11058,4472,-11306,43204,26205,16999
2000-Dec,741430,711110,30320,28446,-10857,9452,18778,11073,1874,1068,478,274,54,219130,224329,-5199,-1191,-4008,25121,1206,26327,22274,3947,5998,-2051,18327,16641,1686,-51307,-2706,1090,-3796
2000-Nov,703501,671191,32310,34549,-9139,15745,18922,9021,-2239,-4967,2598,97,33,236418,223223,13195,8192,5003,45505,-3622,41883,13033,-90,-50,-40,13123,11009,2114,-824,54092,54728,-636
2000-Oct,795478,750557,44921,46429,4161,13066,13076,16126,-1508,-7150,5120,312,210,251377,252433,-1056,-3671,2615,43865,-18519,25346,8314,-628,-231,-397,8942,13490,-4548,25409,59069,58644,425
2000-Sep,691864,661953,29911,32313,-2181,11977,13622,8895,-2402,-6626,4420,140,-336,240754,230703,10051,284,9767,39962,34,39996,-3532,-6317,-2034,-4283,2785,437,2348,-29268,7196,7585,-389
2000-Aug,655630,593176,62454,57107,-562,11432,21796,24441,5347,449,4879,187,-168,217698,220103,-2405,-2729,324,60049,3654,63703,2089,-1912,-1600,-312,4001,4885,-884,-4182,61610,60076,1534
2000-Jul,598022,567940,30082,25259,-5422,5205,10297,15179,4823,-639,4973,95,394,204871,226902,-22031,-6540,-15491,8051,-5997,2054,-6515,1805,-1098,2903,-8320,-7528,-792,66582,62121,50129,11992
2000-Jun,699629,667564,32065,30921,-16520,3853,25773,17815,1144,-1412,2616,-38,-22,235762,233936,1826,5652,-3826,33891,-8799,25092,13013,6539,-1837,8376,6474,6665,-191,-26297,11808,2013,9795
2000-May,689038,668195,20843,18024,-5613,10026,7572,6039,2819,-1405,3845,105,274,225812,212903,12909,4603,8306,33752,-5317,28435,-13602,-9793,-1000,-8793,-3809,-1335,-2474,55749,70582,78391,-7809
2000-Apr,733753,698225,35528,24667,8117,5144,8263,3143,10861,6403,3873,424,161,218751,217934,817,792,25,36345,-26771,9574,-11701,-10663,-3489,-7174,-1038,-2300,1262,5359,3232,-2230,5462
2000-Mar,883228,846328,36900,33607,-16302,11101,14770,24038,3293,-569,3643,25,194,263338,275383,-12045,-3776,-8269,24855,660,25515,8382,10013,2227,7786,-1631,-68,-1563,-69133,-35236,-51482,16246
2000-Feb,806684,744519,62165,57287,3786,11018,14924,27559,4878,1777,2714,201,186,250526,261315,-10789,-2172,-8617,51376,3584,54960,3545,2886,-561,3447,659,2118,-1459,-2263,56242,52015,4227
2000-Jan,685836,645507,40329,31485,2802,3914,14316,10453,8844,6769,1750,197,128,196680,199095,-2415,-3498,1083,37914,41,37955,-38730,-3617,-988,-2629,-35113,-45986,10873,24772,23997,21498,2499
1999-Dec,558057,529051,29006,20867,-320,2449,9866,8872,8139,4962,2606,489,82,178180,175815,2365,3872,-1507,31371,-66,31305,-5282,889,-1823,2712,-6171,-4930,-1241,-2452,23571,-2947,26518
1999-Nov,673059,635114,37945,38522,-1290,6722,14860,18230,-577,-2325,1274,286,188,189184,185880,3304,-512,3816,41249,38,41287,6294,-3975,-2858,-1117,10269,12940,-2671,3834,51415,55554,-4139
1999-Oct,605419,581976,23443,21759,-8485,6420,15970,7854,1684,-1248,2850,166,-84,159056,168582,-9526,-1320,-8206,13917,41,13958,-3900,-418,-2543,2125,-3482,-1261,-2221,13891,23949,19256,4693
1999-Sep,569974,539410,30564,31338,1804,8056,16656,4822,-774,-1714,1836,641,-1537,164045,162088,1957,1132,825,32521,38,32559,-24829,-3077,-2035,-1042,-21752,-20701,-1051,-6499,1231,5081,-3850
1999-Aug,641162,591536,49626,47025,16724,5796,12363,12142,2601,2394,-276,463,20,161862,167685,-5823,-6421,598,43803,38,43841,25827,4271,-1736,6007,21556,18567,2989,10775,80443,71406,9037
1999-Jul,599397,568869,30528,31428,-4463,7228,20456,8207,-900,-1773,275,486,112,170219,177194,-6975,-4777,-2198,23553,39,23592,-11763,8509,-465,8974,-20272,-18010,-2262,-18965,-7136,-15313,8177
1999-Jun,626440,599080,27360,26130,-1006,3724,11632,11780,1230,397,1304,-597,126,176635,161570,15065,8845,6220,42425,-161,42264,8556,1571,-748,2319,6985,3988,2997,16971,67791,62413,5378
1999-May,650081,618513,31568,26567,2415,4406,11301,8445,5001,3223,2156,-450,72,158717,156761,1956,-499,2455,33524,-87,33437,-899,-761,-1195,434,-138,4774,-4912,5501,38039,43915,-5876
1999-Apr,640128,603279,36849,40881,3425,8931,10896,17629,-4032,-6696,2332,369,-37,171983,171627,356,-5147,5503,37205,39,37244,-7704,-14325,-8149,-6176,6621,4630,1991,-18288,11252,10426,826
1999-Mar,675551,646200,29351,29642,6377,7684,13091,2490,-291,-4845,4130,-48,472,171431,167938,3493,1710,1783,32844,41,32885,4981,7833,4127,3706,-2852,-2120,-732,-6607,31259,31048,211
1999-Feb,640762,632265,8497,11830,-10924,2811,15213,4730,-3333,-3699,884,74,-592,140202,137401,2801,-255,3056,11298,37,11335,-35,-408,-1537,1129,373,-1878,2251,13554,24854,23980,874
1999-Jan,603459,588035,15424,12783,-4349,7623,6545,2964,2641,1463,979,-336,535,134056,133065,991,-2304,3295,16415,40,16455,-16940,2073,-856,2929,-19013,-19480,467,16738,16253,11712,4541
1998-Dec,488536,455630,32906,25725,5275,5625,10225,4600,7181,5274,1894,56,-43,126430,130270,-3840,-4684,844,29066,39,29105,-2641,577,72,505,-3218,-3108,-110,26667,53131,44892,8239
1998-Nov,656452,602544,53908,43030,13613,9459,11666,8292,10878,11843,196,32,-1193,125590,129251,-3661,-917,-2744,50247,38,50285,4799,14153,9072,5081,-9354,-5131,-4223,-38544,16540,10122,6418
1998-Oct,785842,782063,3779,-4973,-11194,-5119,9040,2300,8752,9001,-528,-177,456,192711,168689,24022,15980,8042,27801,-354,27447,27786,8166,7722,444,19620,15810,3810,11828,67061,54487,12574
1998-Sep,793073,800835,-7762,3199,5034,28,8257,-10120,-10961,-10304,-136,-164,-357,242471,232978,9493,3384,6109,1731,40,1771,19830,-1637,599,-2236,21467,17858,3609,-4051,17550,43888,-26338
1998-Aug,690449,698145,-7696,7908,1169,1520,5073,146,-15604,-16920,2097,-575,-206,203303,197636,5667,1286,4381,-2029,42,-1987,3923,-2039,-1318,-721,5962,3434,2528,5687,7623,21701,-14078
1998-Jul,611186,597947,13239,14017,-2656,2310,10523,3840,-778,469,-55,131,-1323,201336,201762,-426,3081,-3507,12813,40,12853,5934,-4945,-1712,-3233,10879,12706,-1827,464,19251,25194,-5943
1998-Jun,665399,640622,24777,28045,5043,5202,14586,3214,-3268,-3486,1590,-4,-1368,232056,241710,-9654,-11095,1441,15123,40,15163,-4983,-4654,-1339,-3315,-329,-4012,3683,7126,17306,22111,-4805
1998-May,598800,556842,41958,41087,20597,3996,8507,7987,871,898,-862,617,218,191677,197540,-5863,-2674,-3189,36095,40,36135,-675,-383,383,-766,-292,615,-907,-16148,19312,21455,-2143
1998-Apr,586020,552798,33222,31165,3699,8090,17007,2369,2057,1162,-474,189,1180,199130,213334,-14204,-12077,-2127,19018,39,19057,-2259,-17315,-2398,-14917,15056,6650,8406,5069,21867,24394,-2527
1998-Mar,633419,604893,28526,22030,-10585,9708,9467,13440,6496,6133,135,253,-25,209852,216275,-6423,-4538,-1885,22103,41,22144,7181,5007,-4004,9011,2174,1186,988,-19617,9708,-774,10482
1998-Feb,550282,514164,36118,33871,8501,6942,9006,9422,2247,1242,1194,-254,65,168879,175144,-6265,-4993,-1272,29853,36,29889,3919,1683,2968,-1285,2236,2371,-135,11208,45016,45231,-215
1998-Jan,574039,549223,24816,25719,6420,2709,8371,8219,-903,-1189,1281,98,-1093,164384,164367,17,-102,119,24833,39,24872,37,-8358,-5666,-2692,8395,11946,-3551,-14500,10409,8650,1759
1997-Dec,476383,471201,5182,5332,-9031,3030,6302,5031,-150,-367,-193,-89,499,185441,187216,-1775,-3212,1437,3407,39,3446,-6152,-3149,-1348,-1801,-3003,1389,-4392,37071,34365,49048,-14683
1997-Nov,501631,476821,24810,22597,14078,-369,3841,5047,2213,1831,-189,146,425,185561,188720,-3159,-4866,1707,21651,37,21688,4903,-3731,-550,-3181,8634,6456,2178,-5834,20757,27699,-6942
1997-Oct,686696,656019,30677,42553,29724,7392,5697,-260,-11876,-12542,483,175,8,238891,242771,-3880,-1007,-2873,26797,39,26836,334,-5693,2634,-8327,6027,3279,2748,-669,26501,31180,-4679
1997-Sep,543496,510060,33436,28699,12103,650,7040,8906,4737,3397,1122,364,-146,184117,190266,-6149,-7633,1484,27287,36,27323,-2747,-3159,684,-3843,412,-2893,3305,5994,30570,20037,10533
1997-Aug,611738,565588,46150,36666,15941,7305,6244,7176,9484,8541,378,189,376,184360,198112,-13752,-5832,-7920,32398,38,32436,10669,6546,2363,4183,4123,2037,2086,-22460,20645,7839,12806
1997-Jul,543841,513364,30477,31252,5102,4602,10432,11116,-775,-2107,1212,227,-107,201389,220458,-19069,-11129,-7940,11408,39,11447,7691,1454,4134,-2680,6237,6858,-621,9984,29122,28425,697
1997-Jun,588904,544837,44067,32761,12571,1647,9829,8714,11306,9926,209,182,989,181390,201289,-19899,-14053,-5846,24168,36,24204,832,-5107,9264,-14371,5939,12172,-6233,-29502,-4466,229,-4695
1997-May,542873,519784,23089,18720,3423,2334,6718,6245,4369,3428,794,46,101,178788,183657,-4869,-1062,-3807,18220,38,18258,-3973,-14278,-6168,-8110,10305,8067,2238,24479,38764,33992,4772
1997-Apr,516121,471699,44422,37791,18700,6228,5910,6953,6631,6955,-41,-70,-213,167209,165652,1557,5675,-4118,45979,-392,45587,-5274,-9493,335,-9828,4219,2364,1855,9363,49676,55431,-5755
1997-Mar,499035,468501,30534,25021,12928,3536,5018,3539,5513,7154,191,209,-2041,179843,187266,-7423,-3097,-4326,23111,40,23151,-6123,-894,-491,-403,-5229,-4450,-779,-3080,13948,6138,7810
1997-Feb,542494,498175,44319,35341,15091,5115,9221,5914,8978,10178,205,137,-1542,162940,169935,-6995,-1673,-5322,37324,37,37361,3639,1980,-951,2931,1659,3742,-2083,-8227,32773,23809,8964
1997-Jan,520060,489244,30816,22966,9582,3854,6587,2943,7850,7565,358,3,-76,157820,161490,-3670,-255,-3415,27146,39,27185,-6902,-8111,-2921,-5190,1209,1847,-638,-1437,18846,7702,11144
1996-Dec,473080,417538,55542,41076,30369,2577,7644,486,14466,13903,487,-29,105,139556,156382,-16826,-11133,-5693,38716,39,38755,7117,-1676,572,-2248,8793,-248,9041,-7684,38188,20199,17989
1996-Nov,468833,436018,32815,27163,14125,5228,6698,1112,5652,3078,1365,-50,1259,149571,154982,-5411,-3153,-2258,27404,37,27441,29283,23941,8952,14989,5342,6980,-1638,-28127,28597,10548,18049
1996-Oct,490382,454143,36239,30594,19356,3587,7532,119,5645,4765,331,-126,675,156074,164579,-8505,-6005,-2500,27734,-165,27569,-463,2131,-1927,4058,-2594,1476,-4070,12816,39922,37020,2902
1996-Sep,441266,414202,27064,9205,-3664,3598,9255,16,17859,17094,519,359,-113,143243,150491,-7248,-5439,-1809,19816,39,19855,-5202,-7471,133,-7604,2269,1482,787,24752,39405,23572,15833
1996-Aug,339801,314087,25714,22716,7458,4381,7814,3063,2998,3518,118,476,-1114,117548,124524,-6976,-5449,-1527,18738,38,18776,2772,2401,-1264,3665,371,432,-61,-16971,4577,287,4290
1996-Jul,402362,350277,52085,43460,36163,3728,6052,-2483,8625,9228,590,70,-1263,117735,126565,-8830,-4154,-4676,43255,39,43294,2994,-1060,50,-1110,4054,754,3300,-20671,25617,22868,2749
1996-Jun,298395,278689,19706,25306,15261,3585,5265,1195,-5600,-6691,663,325,103,118840,130190,-11350,-2985,-8365,8356,38,8394,-5981,-2215,-1065,-1150,-3766,-7067,3301,-8123,-5710,-12305,6595
1996-May,357245,330305,26940,19698,7620,2994,7883,1201,7242,6479,317,231,215,125058,129113,-4055,-833,-3222,22885,-335,22550,7635,3717,2034,1683,3918,301,3617,-4487,25698,23209,2489
1996-Apr,292391,270731,21660,12481,3082,605,5032,3762,9179,8304,464,275,136,118392,125706,-7314,-559,-6755,14346,39,14385,-5781,-11599,145,-11744,5818,1860,3958,8653,17257,12772,4485
1996-Mar,343178,322088,21090,16282,6847,458,8340,637,4808,4794,-184,73,125,128741,145039,-16298,-6034,-10264,4792,41,4833,1631,5310,-1884,7194,-3679,29,-3708,-11675,-5211,-18032,12821
1996-Feb,408863,379885,28978,19882,9327,3225,5907,1423,9096,8653,454,-53,42,132043,139027,-6984,-1278,-5706,21994,38,22032,17794,19900,2661,17239,-2106,-2392,286,-7454,32372,6670,25702
1996-Jan,351811,329426,22385,10217,490,2749,4799,2179,12168,12682,-116,-29,-369,117599,128439,-10840,-4347,-6493,11545,-372,11173,5263,6140,725,5415,-877,4191,-5068,-2973,13463,-338,13801
1995-Dec,265200,271534,-6334,-9427,-11995,-2064,2538,2094,3093,2651,321,108,13,112736,123310,-10574,-3972,-6602,-16908,43,-16865,-3548,-4506,-1674,-2832,958,976,-18,3587,-16826,-14868,-1958
1995-Nov,325796,296504,29292,30039,16368,3724,6766,3181,-747,-909,266,145,-249,108978,117187,-8209,-6491,-1718,21083,41,21124,13809,13257,-832,14089,552,825,-273,-18933,16000,1425,14575
1995-Oct,323951,313378,10573,4427,-1038,1172,5561,-1268,6146,5705,178,363,-100,106304,119849,-13545,-8059,-5486,-2972,42,-2930,-3329,-4730,1086,-5816,1401,1216,185,23781,17522,19495,-1973
1995-Sep,308182,308580,-398,3931,-6533,4824,5272,368,-4329,-4525,261,71,-136,109749,123224,-13475,-5515,-7960,-13873,37,-13836,8375,5982,405,5577,2393,-261,2654,-5355,-10816,-17657,6841
1995-Aug,340740,304067,36673,37142,26446,4355,3708,2633,-469,-364,89,-103,-91,102244,112111,-9867,-3911,-5956,26806,42,26848,1375,-1304,834,-2138,2679,-356,3035,3496,31719,23021,8698
1995-Jul,305737,262469,43268,26279,15081,2549,6330,2319,16989,16790,168,-85,116,95780,108118,-12338,-4149,-8189,30930,42,30972,7025,6318,1181,5137,707,797,-90,5730,43727,19460,24267
1995-Jun,368103,334142,33961,20893,11760,1949,6552,632,13068,10871,658,-55,1594,125399,137241,-11842,-7426,-4416,22119,35,22154,3057,250,308,-58,2807,238,2569,-27096,-1885,-21519,19634
1995-May,355200,331804,23396,23116,16222,1339,4651,904,280,-1707,345,-136,1778,104461,112643,-8182,-4504,-3678,15214,36,15250,1511,6479,-1679,8158,-4968,-3288,-1680,-3132,13629,5895,7734
1995-Apr,229573,218253,11320,8072,3242,1763,2233,834,3248,3158,323,-267,34,78163,81124,-2961,-823,-2138,8359,40,8399,10430,5326,625,4701,5104,2040,3064,8875,27704,18054,9650
1995-Mar,317252,302859,14393,9722,5189,2016,5025,-2508,4671,4022,553,-92,188,108101,111855,-3754,-895,-2859,10639,41,10680,11742,9873,2498,7375,1869,380,1489,-18609,3813,-12065,15878
1995-Feb,317465,297126,20339,17558,11993,1332,4444,-211,2781,2110,611,68,-8,88563,91528,-2965,-1850,-1115,17374,-44,17330,6184,3686,2359,1327,2498,1498,1000,9463,32977,22818,10159
1995-Jan,280442,264988,15454,13554,7749,2035,4554,-784,1900,1829,-38,202,-93,94603,95587,-984,-810,-174,14470,29,14499,-6948,-6214,343,-6557,-734,705,-1439,6051,13602,17121,-3519
1994-Dec,233201,219102,14099,13306,11144,1902,1923,-1663,793,608,138,17,30,92940,94991,-2051,310,-2361,12048,40,12088,-7376,-6132,-2481,-3651,-1244,-1905,661,12874,17586,20548,-2962
1994-Nov,293199,272125,21074,17923,10355,2549,3921,1098,3151,2760,437,9,-55,90984,97027,-6043,-3496,-2547,15031,39,15070,-123,-5391,-574,-4817,5268,4334,934,-9293,5654,13177,-7523
1994-Oct,257177,245698,11479,7845,7380,81,2238,-1854,3634,2847,743,231,-187,88514,98280,-9766,-5339,-4427,1713,41,1754,9626,9668,77,9591,-42,-1425,1383,-6196,5184,-4879,10063
1994-Sep,257119,244563,12556,8238,7271,-994,3187,-1226,4318,4671,196,-131,-418,105120,105234,-114,-634,520,12442,38,12480,-13048,-6092,-900,-5192,-6956,-5242,-1714,18269,17701,15586,2115
1994-Aug,325167,298806,26361,15611,6275,1516,4893,2927,10750,9756,1124,-17,-113,91102,95220,-4118,258,-4376,22243,38,22281,298,563,3407,-2844,-265,-1530,1265,-7500,15079,12436,2643
1994-Jul,213424,208264,5160,-684,-4054,1179,2908,-717,5844,5063,902,-8,-113,84173,90091,-5918,-2778,-3140,-758,39,-719,-6610,-1330,-6235,4905,-5280,-2956,-2324,20832,13503,-812,14315
1994-Jun,280162,275650,4512,995,-7407,2306,7793,-1697,3517,3362,703,0,-548,97625,101801,-4176,2045,-6221,336,37,373,8505,10284,3463,6821,-1779,-2928,1149,16511,25389,11861,13528
1994-May,329893,305191,24702,11942,8243,1879,478,1342,12760,11237,1486,50,-13,93036,94399,-1363,2644,-4007,23339,38,23377,4143,-6662,-767,-5895,10805,8724,2081,-2066,25454,15563,9891
1994-Apr,250087,264466,-14379,-12435,-12994,-592,2672,-1521,-1944,-1661,171,-161,-293,100659,106633,-5974,-3673,-2301,-20353,38,-20315,-10804,-5580,2475,-8055,-5224,-2537,-2687,14421,-16698,-2739,-13959
1994-Mar,318299,313959,4340,9867,3786,823,4659,599,-5527,-4757,-130,-206,-434,152703,148463,4240,10439,-6199,8580,38,8618,8916,6285,999,5286,2631,559,2072,21917,39451,38330,1121
1994-Feb,324981,304637,20344,17110,9331,1812,2396,3571,3234,3547,-186,-25,-102,124085,133953,-9868,-2334,-7534,10476,34,10510,584,-3698,20,-3718,4282,667,3615,14673,25767,26870,-1103
1994-Jan,268363,258261,10102,5206,-2351,3142,942,3473,4896,4389,493,223,-209,113533,125677,-12144,-6666,-5478,-2042,38,-2004,2541,-5716,-1756,-3960,8257,6818,1439,2109,2646,-7245,9891
1993-Dec,217905,202465,15440,11435,-3156,5836,4297,4458,4005,3687,200,103,15,103898,120309,-16411,-9907,-6504,-971,38,-933,5557,6922,687,6235,-1365,-1144,-221,-10537,-5913,-18033,12120
1993-Nov,332164,306725,25439,19129,9000,4860,2033,3236,6310,6223,340,-186,-67,105887,111157,-5270,1417,-6687,20169,35,20204,4891,5369,1029,4340,-478,-1601,1123,2294,27389,14408,12981
1993-Oct,277897,260463,17434,15392,2432,3248,5217,4495,2042,1619,390,-29,62,91216,104915,-13699,-6203,-7496,3735,36,3771,5250,-893,-1780,887,6143,8072,-1929,6885,15906,17494,-1588
1993-Sep,286518,287745,-1227,-5355,-14025,4713,3130,827,4128,3165,800,118,45,91111,109041,-17930,-12564,-5366,-19157,35,-19122,6762,3307,157,3150,3455,3425,30,-7553,-19913,-28623,8710
1993-Aug,312248,289790,22458,21559,13256,2131,3663,2509,899,724,316,-72,-69,83723,98217,-14494,-5801,-8693,7964,20,7984,5433,8447,796,7651,-3014,-4186,1172,28168,41585,31650,9935
1993-Jul,234345,234813,-468,3818,2806,1579,-14,-553,-4286,-4677,229,214,-52,79946,98833,-18887,-12411,-6476,-19355,37,-19318,3637,9379,402,8977,-5742,-1402,-4340,2023,-13658,-13138,-520
1993-Jun,282914,280503,2411,2363,-4938,3709,3212,380,48,-760,139,206,463,80664,95386,-14722,-9041,-5681,-12311,34,-12277,2657,111,445,-334,2546,-1572,4118,1078,-8542,-11446,2904
1993-May,226645,223207,3438,6072,2265,3124,368,315,-2634,-3424,316,3,471,69830,76371,-6541,-2541,-4000,-3103,-15,-3118,8647,6141,-760,6901,2506,303,2203,2164,7694,-3002,10696
1993-Apr,236254,227011,9243,5951,1657,1049,3486,-241,3292,2709,627,46,-90,74893,82459,-7566,-3559,-4007,1677,810,2487,867,863,1117,-254,4,86,-82,2457,5811,2164,3647
1993-Mar,306301,295285,11016,10721,7194,-977,2264,2240,295,-616,503,202,206,88636,97487,-8851,-4868,-3983,2165,31,2196,2134,1856,1903,-47,278,542,-264,-613,3717,7571,-3854
1993-Feb,289464,285516,3948,7320,2335,1121,2118,1746,-3372,-4364,-33,0,1025,70256,81190,-10934,-9396,-1538,-6986,28,-6958,-1310,1487,-567,2054,-2797,-2349,-448,2674,-5594,-6865,1271
1993-Jan,209888,207890,1998,4812,3420,1013,171,208,-2814,-2980,195,22,-51,51382,59145,-7763,-5503,-2260,-5765,31,-5734,51413,6106,-838,6944,45307,44857,450,561,46240,32250,13990
1992-Dec,178648,172639,6009,6917,729,1539,2212,2437,-908,-715,-243,137,-87,55132,62656,-7524,-3118,-4406,-1515,29,-1486,5298,5171,1277,3894,127,342,-215,-2949,863,-2090,2953
1992-Nov,238758,218044,20714,20871,18251,1965,-683,1338,-157,-620,493,26,-56,68948,74876,-5928,-2260,-3668,14786,31,14817,-3990,-5509,-1925,-3584,1519,1247,272,13132,23959,34335,-10376
1992-Oct,227931,219668,8263,4436,595,2604,822,415,3827,2949,624,20,234,66899,72635,-5736,-1472,-4264,2527,-33,2494,-6210,-6900,2448,-9348,690,133,557,-2450,-6166,-18581,12415
1992-Sep,218900,225322,-6422,-1565,-1539,233,2133,-2392,-4857,-4474,433,-54,-762,65195,66926,-1731,1168,-2899,-8153,29,-8124,3933,-857,-1184,327,4790,5191,-401,18458,14267,27613,-13346
1992-Aug,239322,231511,7811,6927,5762,493,2027,-1355,884,691,387,104,-298,56910,60331,-3421,-473,-2948,4390,-106,4284,-797,165,1639,-1474,-962,-969,7,15062,18549,16211,2338
1992-Jul,261786,262003,-217,447,-1095,-192,1770,-36,-664,-766,92,191,-181,58575,65851,-7276,-4030,-3246,-7493,-43,-7536,6759,6902,1399,5503,-143,200,-343,-7269,-8046,-10929,2883
1992-Jun,218504,200762,17742,12138,9036,1912,2163,-973,5604,5420,171,52,-39,56261,57686,-1425,-1475,50,16317,-396,15921,-2088,-1720,226,-1946,-368,-352,-16,-1519,12314,5218,7096
1992-May,195269,198814,-3545,-1506,-5241,1358,2299,78,-2039,-2685,574,79,-7,48864,51989,-3125,-2205,-920,-6670,33,-6637,10541,9471,1215,8256,1070,1119,-49,8253,12157,3064,9093
1992-Apr,206936,195812,11124,8619,4848,1711,2392,-332,2505,1711,954,10,-170,42637,46177,-3540,-1242,-2298,7584,32,7616,-116,1039,214,825,-1155,-1008,-147,1542,9042,4871,4171
1992-Mar,228895,236085,-7190,-4696,-6330,1269,1004,-639,-2494,-3136,416,145,81,47909,50955,-3046,-262,-2784,-10236,33,-10203,10187,7710,298,7412,2477,2261,216,3682,3666,-2607,6273
1992-Feb,210028,201896,8132,8365,4824,810,2566,165,-233,-192,-112,16,55,45437,47410,-1973,321,-2294,6159,31,6190,671,2172,152,2020,-1501,-1875,374,2587,9448,6916,2532
1992-Jan,252849,242038,10811,2142,2572,640,1302,-2372,8669,8693,160,56,-240,50873,54012,-3139,-557,-2582,7672,34,7706,-1065,-734,-753,19,-331,144,-475,-2557,4084,-8170,12254
1991-Dec,185999,181243,4756,1930,2154,1091,1233,-2548,2826,2521,518,-35,-178,38157,41139,-2982,-1136,-1846,1774,31,1805,-1872,-204,-41,-163,-1668,-1828,160,-1771,-1838,49,-1887
1991-Nov,211526,202109,9417,880,-1724,1338,673,593,8537,7190,778,163,406,44320,45397,-1077,956,-2033,8340,31,8371,-2324,-1342,231,-1573,-982,-861,-121,6856,12903,4527,8376
1991-Oct,209378,206217,3161,2843,102,273,2003,465,318,512,-221,58,-31,46314,53382,-7068,-4661,-2407,-3907,32,-3875,3440,5261,1227,4034,-1821,-1245,-576,-3204,-3639,-10455,6816
1991-Sep,189966,192587,-2621,-3397,-4891,1389,489,-384,776,830,265,41,-360,34537,37582,-3045,-847,-2198,-5666,31,-5635,673,1694,-104,1798,-1021,-1351,330,5580,618,6927,-6309
1991-Aug,224246,217059,7187,7322,1689,1451,2521,1661,-135,-458,133,57,133,32099,38115,-6016,-2463,-3553,1171,31,1202,1911,3513,988,2525,-1602,-1291,-311,872,3985,-1886,5871
1991-Jul,180790,175947,4843,5259,1862,989,1428,980,-416,-716,76,112,112,32818,36786,-3968,-756,-3212,875,31,906,-952,936,-609,1545,-1888,-2050,162,6476,6431,2913,3518
1991-Jun,156589,157740,-1151,4755,112,1098,2280,1264,-5906,-5832,60,6,-140,30011,35669,-5658,-2032,-3626,-6809,30,-6779,3334,2857,752,2105,477,-545,1023,-8109,-11554,-5133,-6422
1991-May,223771,202939,20832,18620,13204,618,1589,3209,2212,2020,-60,122,130,30834,34705,-3871,-502,-3368,16961,31,16992,134,709,-626,1334,-574,-964,390,566,17692,10268,7424
1991-Apr,201200,195104,6096,6690,2054,-156,1658,3134,-595,-373,-219,-26,23,28966,31839,-2873,-310,-2564,3222,30,3252,-8050,-4810,-1906,-2903,-3240,-2533,-708,-18974,-23771,-17590,-6182
1991-Mar,188345,197348,-9003,3038,-2749,698,3176,1913,-12040,-12738,327,-46,416,51413,55895,-4481,-982,-3499,-13484,31,-13454,-4336,-1813,-1864,51,-2522,-1767,-755,6545,-11244,2588,-13831
1991-Feb,226891,215162,11729,5443,5673,-612,-6,388,6285,5869,-278,-11,705,47831,53077,-5246,-1990,-3256,6483,28,6511,-762,-547,-814,267,-215,-577,362,-3090,2659,-6780,9439
1991-Jan,183417,180548,2869,882,1188,765,-538,-534,1988,2364,-78,-30,-268,33609,34119,-510,-106,-405,2359,31,2390,7089,7685,3437,4248,-596,346,-941,3620,13099,3974,9126
1990-Dec,159344,152651,6693,-575,-1482,608,1383,-1084,7269,7106,331,5,-173,40659,47744,-7085,-4985,-2100,-391,726,334,-4951,-3060,-1536,-1524,-1891,-1587,-303,9707,5091,2228,2863
1990-Nov,194680,186390,8290,3673,874,1310,1888,-398,4617,5087,-22,-30,-418,42957,41732,1225,157,1068,9516,24,9540,9027,5488,-1352,6840,3539,3160,379,-12717,5850,-3094,8944
1990-Oct,179402,183305,-3902,-5192,-2473,523,257,-3499,1290,1194,399,0,-304,44495,47696,-3202,-2820,-382,-7104,25,-7080,3573,3284,3036,248,289,-619,908,333,-3174,-10304,7131
1990-Sep,137334,139860,-2527,-5944,-1880,-719,-1039,-2307,3417,3856,-216,-17,-206,33223,33328,-105,-557,451,-2632,24,-2608,2889,-1437,-1176,-261,4326,4392,-66,1524,1805,-730,2535
1990-Aug,225739,223810,1929,-4988,-2198,-1024,-389,-1376,6917,6594,278,-18,63,42457,42228,229,415,-186,2159,24,2183,2545,1135,725,410,1410,1169,241,9023,13751,4915,8837
1990-Jul,177180,167999,9181,8535,4482,1079,1540,1435,646,660,71,-54,-31,34812,36533,-1721,-568,-1153,7460,24,7484,1873,1711,707,1004,162,459,-297,7291,16649,13665,2984
1990-Jun,164007,156940,7067,6068,2471,849,3049,-301,999,1028,-6,0,-23,36850,41699,-4850,-1841,-3008,2217,24,2241,-134,967,675,292,-1101,-1835,734,-4484,-2376,-4228,1852
1990-May,172377,176133,-3755,-1502,-819,714,703,-2100,-2254,-2220,301,-2,-333,35821,40077,-4256,-1686,-2570,-8011,24,-7987,8342,5384,2211,3173,2958,2384,575,515,871,141,730
1990-Apr,159741,157050,2691,-2467,-1767,-437,728,-991,5158,5018,53,-39,127,28877,31355,-2477,-1555,-922,214,26,239,-4845,-4438,-809,-3630,-407,657,-1064,7419,2812,334,2478
1990-Mar,159412,171007,-11595,-7621,-5525,196,60,-2352,-3974,-3771,62,-27,-238,34363,43935,-9573,-9442,-131,-21168,2994,-18173,2519,-168,-13,-155,2687,2036,651,7819,-7835,-9676,1841
1990-Feb,187614,184950,2664,4576,2520,1719,625,-289,-1913,-1659,-344,13,78,31542,32342,-800,218,-1018,1863,4,1867,-3153,-2718,380,-3098,-435,-78,-357,7477,6192,11616,-5425
1990-Jan,194344,192349,1995,1821,456,778,1011,-425,174,366,-238,25,21,31693,30251,1442,715,728,3437,4,3441,5338,-453,409,-862,5791,7610,-1820,-11247,-2468,148,-2616
1989-Dec,157095,153295,3800,2652,-394,1564,2741,-1259,1148,1112,71,-14,-21,28458,31136,-2678,-274,-2404,1122,4,1126,-6817,-5918,-429,-5489,-899,-1316,417,12001,6310,13455,-7145
1989-Nov,212094,200691,11403,9469,6469,1497,2808,-1305,1934,1686,271,-210,186,30855,30974,-119,482,-601,11284,4,11287,1787,1125,117,1008,662,768,-106,2539,15613,15988,-375
1989-Oct,238048,235424,2624,3151,-1528,2625,766,1288,-527,-979,227,142,83,32743,34973,-2230,-638,-1592,394,4,397,-3160,-3964,921,-4885,804,537,268,-5353,-8115,-8004,-111
1989-Sep,179931,171021,8910,7991,3839,1014,266,2872,919,778,129,-42,53,28328,30499,-2172,-1749,-423,6738,4,6742,717,-465,1510,-1975,1182,1338,-156,6545,14004,16082,-2078
1989-Aug,257654,232919,24736,14250,12110,1302,-23,861,10486,9918,204,56,308,33814,34398,-584,978,-1562,24152,4,24156,762,213,-378,591,549,700,-151,5075,29993,19897,10096
1989-Jul,232384,229737,2647,-384,-4219,481,1865,1490,3031,2907,-143,-26,293,28832,30258,-1427,-987,-439,1221,4,1224,595,373,-172,545,222,464,-243,973,2792,-2587,5378
1989-Jun,256722,256717,5,-1038,-5765,749,1148,2830,1043,461,-188,-160,929,30439,34451,-4012,-1545,-2467,-4008,4,-4004,-4101,-3771,837,-4609,-329,638,-967,-579,-8684,-4444,-4240
1989-May,215543,207697,7845,9676,8404,163,139,970,-1830,-1069,-672,-179,90,25390,26690,-1300,-97,-1203,6545,4,6549,-1324,-4187,123,-4311,2863,2632,231,-132,5092,12262,-7170
1989-Apr,167002,162746,4256,4443,828,1000,2556,59,-187,-842,763,89,-198,22813,24144,-1331,-198,-1132,2925,4,2929,-265,-1169,-1801,632,904,431,473,1577,4242,-1739,5981
1989-Mar,176120,163754,12367,5115,2096,642,2170,207,7251,6549,293,224,186,33065,34089,-1023,-636,-387,11343,3,11346,-2623,-2982,-268,-2714,359,62,297,5091,13814,10251,3563
1989-Feb,180805,167063,13742,8959,4698,1630,2884,-253,4783,4299,269,13,203,27464,28016,-552,-434,-118,13190,4,13194,2838,-150,115,-265,2988,2389,599,3782,19813,17383,2431
1989-Jan,158299,154098,4201,2193,826,1044,172,150,2008,2019,159,-89,-81,22425,23548,-1123,-390,-733,3078,4,3082,164,-3061,2205,-5265,3225,2908,316,-11879,-8634,-10647,2013
1988-Dec,114628,111585,3043,520,-1930,979,2706,-1235,2523,2243,246,47,-12,28166,31051,-2886,-1771,-1114,157,3,160,-2715,-1886,-1767,-119,-829,-1257,428,4417,1862,3421,-1559
1988-Nov,152656,141044,11612,9199,6452,441,2297,10,2413,2196,69,50,98,29370,29003,368,627,-260,11980,4,11984,5353,4660,1633,3027,693,490,203,1775,19113,13297,5816
1988-Oct,154272,150916,3356,3315,1616,365,2104,-770,41,577,383,-68,-850,26732,27916,-1184,-941,-243,2172,3,2175,2995,3489,-503,3992,-494,-743,248,2902,8072,1706,6366
1988-Sep,143937,144596,-659,531,-454,573,791,-379,-1190,-1481,498,4,-212,30565,31120,-555,-480,-75,-1214,4,-1210,2333,662,548,114,1671,1905,-235,-11571,-10448,-9143,-1306
1988-Aug,161183,159128,2055,3465,1072,183,1539,671,-1410,-1450,44,5,-9,23278,23936,-657,-452,-205,1398,3,1401,224,-448,-431,-17,672,522,150,4893,6518,7063,-545
1988-Jul,142109,137156,4953,7581,3277,134,3146,1024,-2628,-2362,30,-97,-199,26710,27369,-659,-527,-133,4293,4,4297,2544,942,-474,1416,1602,897,705,4054,10895,10863,32
1988-Jun,208581,206659,1922,3807,-503,943,2596,772,-1886,-1658,297,-85,-439,23573,24432,-859,-672,-187,1063,3,1066,-2091,-194,1111,-1305,-1898,-1767,-131,3363,2337,6209,-3871
1988-May,144549,130453,14095,9007,6000,1360,2788,-1140,5088,5062,-82,45,63,21149,19507,1642,790,852,15737,-296,15441,1749,940,-690,1631,809,869,-60,-3153,14037,6031,8007
1988-Apr,133823,127814,6009,2949,361,147,1018,1422,3060,3075,-14,33,-34,21438,21229,209,-124,333,6218,3,6221,-241,-1363,-702,-661,1122,1067,55,16753,22733,20420,2313
1988-Mar,166665,154906,11759,4182,1845,599,1497,241,7577,8135,-1,110,-668,23313,25286,-1973,-1245,-728,9786,492,10278,3094,2145,-72,2217,948,864,84,-4535,8837,955,7882
1988-Feb,180102,167954,12148,5212,4945,-30,500,-203,6936,7169,-36,-22,-175,21746,23737,-1990,-1306,-684,10158,0,10158,4016,2227,-545,2771,1790,1502,287,1857,16032,6590,9442
1988-Jan,125436,120935,4502,-402,-474,-263,349,-15,4904,5118,-125,-130,41,17836,18684,-848,-1332,485,3654,0,3654,6267,2138,312,1827,4128,4589,-461,-7584,2337,-5312,7649
1987-Dec,104702,103975,727,-849,837,844,130,-2660,1576,1670,224,26,-344,17236,17883,-647,-1488,841,80,0,80,1490,5209,-1078,6287,-3718,-3661,-57,13837,15408,9975,5433
1987-Nov,130531,130521,11,-1875,4527,216,129,-6746,1886,1854,-32,16,48,25360,26649,-1289,-1998,708,-1279,0,-1279,5170,5160,1437,3723,10,370,-360,-4089,-198,-1681,1483
1987-Oct,167275,164175,3100,-354,-3699,144,1229,1972,3454,2466,470,30,487,31113,31622,-509,-2597,2088,2591,0,2591,4006,1628,-1490,3118,2378,2525,-147,1842,8439,-4484,12923
1987-Sep,140740,133409,7330,5266,-818,260,2954,2869,2064,1341,554,-36,205,21860,22061,-201,-681,480,7129,0,7129,-1535,-2959,-450,-2508,1424,1020,404,12083,17677,15841,1836
1987-Aug,144637,141897,2740,84,-1502,-20,1355,251,2656,2612,85,-18,-23,21179,21830,-651,-253,-398,2089,-200,1889,4615,4516,-259,4774,99,-27,126,2479,8982,3611,5371
1987-Jul,146116,140672,5444,3878,-1444,488,2511,2324,1567,2251,74,-197,-562,25111,25822,-711,-617,-94,4733,-200,4533,-5884,-5506,1722,-7228,-378,-158,-219,14943,13593,19909,-6316
1987-Jun,175328,159300,16028,12417,8562,506,1714,1634,3611,3719,79,-184,-3,34713,32766,1947,2249,-302,17976,-600,17376,-969,-2264,-1374,-890,1294,767,527,-14441,1965,-221,2186
1987-May,134946,129563,5383,851,-4730,128,1680,3773,4532,4447,233,-51,-96,28277,28900,-623,-1231,608,4760,0,4760,-243,-1969,1118,-3087,1726,1838,-112,6998,11515,11238,277
1987-Apr,145904,142426,3479,994,-5684,136,3253,3289,2484,2489,-56,4,48,26291,28377,-2085,-829,-1256,1393,0,1393,5502,4775,-236,5011,726,899,-173,-1209,5686,-3527,9213
1987-Mar,168434,152540,15895,10280,1086,-325,4269,5250,5614,5906,-144,48,-196,23816,25265,-1449,-668,-781,14445,0,14445,1843,2353,-1843,4196,-510,-1085,575,5688,21977,10361,11615
1987-Feb,129868,124216,5652,5075,-685,937,1548,3275,577,834,21,-88,-190,23111,23787,-676,-79,-598,4976,0,4976,-390,1430,1714,-284,-1819,-2157,337,39,4625,2659,1966
1987-Jan,103668,100329,3339,1736,-1928,164,1895,1605,1603,1477,61,5,61,16481,16456,25,240,-215,3364,0,3364,-835,-1027,-1096,68,192,450,-258,10283,12812,11075,1736
1986-Dec,109505,102539,6966,6743,638,610,3936,1559,223,309,-81,-227,221,20987,21413,-426,-474,47,6539,0,6539,206,-70,-588,517,276,397,-120,-2,6743,6349,394
1986-Nov,91662,90971,691,886,-2595,1356,2067,59,-196,173,-49,-207,-112,16822,17246,-423,-755,331,267,0,267,-352,-952,-627,-325,600,1112,-512,1119,1034,2235,-1201
1986-Oct,108441,103637,4804,1493,-1274,273,3785,-1290,3311,3378,14,-49,-31,22327,19282,3045,2058,987,7850,0,7850,1615,787,425,362,829,459,370,5083,14548,12045,2503
1986-Sep,110566,100673,9893,8070,2193,392,4277,1208,1824,1878,-22,-74,42,20220,22089,-1870,-2399,530,8024,0,8024,1862,894,565,330,968,986,-19,5165,15051,9275,5775
1986-Aug,111909,106243,5666,5492,17,351,3703,1420,175,40,121,-19,33,18588,17684,904,1062,-159,6570,0,6570,3157,2837,-1208,4045,320,648,-328,11246,20973,16191,4782
1986-Jul,108016,103900,4116,3327,-2524,1019,2978,1853,789,1448,-375,-445,161,17909,17116,793,366,427,4909,-500,4409,16336,4201,-729,4931,12135,12247,-113,-2379,18365,14287,4077
1986-Jun,107528,101064,6464,5467,1278,982,2664,543,997,1612,124,-540,-199,19901,18235,1666,1657,9,8130,0,8130,9238,2510,334,2176,6728,6408,320,-4747,12621,7521,5100
1986-May,106198,99352,6845,7050,-2974,897,6325,2801,-205,157,-355,-61,55,17026,17099,-72,188,-260,6773,-500,6273,5474,5560,1493,4067,-86,122,-208,1721,13468,12358,1110
1986-Apr,156587,138507,18080,14418,5756,815,4197,3650,3662,3862,-413,-83,297,19694,22664,-2970,-1262,-1708,15110,-450,14660,435,1587,-2027,3614,-1152,-500,-652,-4545,10549,1926,8623
1986-Mar,139012,120955,18057,17501,9738,613,4356,2793,557,376,-13,98,97,16418,20899,-4481,-3095,-1386,13577,-400,13177,-353,77,-1435,1513,-431,296,-726,1184,14008,13677,331
1986-Feb,112355,106877,5478,4863,-1229,757,3560,1775,615,619,3,-13,5,13766,15516,-1750,-983,-767,3728,-400,3328,643,2826,1700,1127,-2184,-950,-1234,975,4945,4967,-21
1986-Jan,93635,92136,1500,1132,-3849,123,3241,1616,368,362,-166,8,164,12482,12436,46,-49,95,1546,0,1546,1595,1008,966,42,587,772,-185,7458,10598,8619,1979
1985-Dec,85686,71516,14169,11656,4090,525,5058,1982,2514,2712,-229,-143,173,11183,11710,-527,-109,-418,13642,0,13642,-2993,-4404,-3325,-1079,1411,1466,-55,18,10668,11776,-1109
1985-Nov,74376,63748,10627,11175,1404,935,7413,1422,-548,-236,-124,-35,-151,11157,11187,-30,272,-302,10597,0,10597,1612,1030,1096,-67,582,465,117,-1067,11142,9494,1648
1985-Oct,51095,46189,4907,5952,847,680,3787,638,-1046,-1232,182,-23,27,10547,11351,-804,-764,-40,4103,0,4103,-1747,-1248,848,-2095,-500,-708,209,8097,10453,12468,-2016
1985-Sep,55428,44934,10494,9591,5464,477,3557,94,903,1082,-99,-98,18,8399,9033,-634,-416,-218,9860,0,9860,-1403,-2305,2122,-4427,902,779,123,-162,8295,9283,-988
1985-Aug,52241,53159,-918,-624,-3120,-97,1930,663,-295,-243,86,-125,-13,8648,8560,89,310,-221,-830,-950,-1780,1267,229,35,194,1038,379,659,4697,4185,3965,220
1985-Jul,65952,56248,9704,8008,3028,838,3529,612,1696,1792,69,-201,36,8793,9930,-1138,-548,-590,8566,0,8566,1931,2377,240,2137,-446,-151,-295,8226,18723,15769,2954
1985-Jun,48714,41186,7528,5154,3024,204,1621,305,2374,2691,-36,-395,115,8364,8904,-540,-371,-170,6988,0,6988,141,1475,-423,1898,-1334,-973,-361,-3453,3676,-374,4050
1985-May,58476,52033,6443,2717,-336,107,2921,25,3726,3580,328,-255,73,9239,10192,-953,-1050,97,5489,-400,5089,-2286,-1498,-963,-535,-788,-149,-639,3517,6320,3149,3171
1985-Apr,49474,43626,5847,6990,4937,328,1504,221,-1143,-625,-157,-276,-86,6616,7457,-842,-696,-146,5005,-400,4605,1820,1521,-1019,2541,298,372,-73,1305,7730,7009,721
1985-Mar,32780,34697,-1917,3400,881,40,2960,-480,-5317,-5270,-61,-38,52,5903,7363,-1461,-999,-462,-3378,0,-3378,2554,2355,144,2211,199,157,42,1452,629,4148,-3519
1985-Feb,44744,37846,6899,5800,985,586,4186,42,1099,1345,-160,18,-104,6751,7229,-478,203,-682,6420,-500,5920,-4044,-4426,-238,-4188,382,551,-169,4239,6116,9560,-3445
1985-Jan,48204,43705,4498,2101,-132,18,2917,-702,2397,2539,-100,-21,-21,6478,7099,-621,169,-790,3877,0,3877,-2605,-2342,972,-3313,-263,448,-711,5857,7130,10785,-3655
1984-Dec,42223,31765,10459,8907,5586,444,3250,-373,1551,1921,-189,5,-185,6067,7430,-1363,-1133,-230,9095,0,9095,-1731,-691,-1096,406,-1040,-994,-46,-4977,2387,201,2187
1984-Nov,40751,36127,4624,5243,2831,180,2183,49,-618,-601,125,-156,14,7299,8085,-787,-599,-188,3838,0,3838,3065,3176,-614,3790,-111,379,-491,5692,12594,10388,2206
1984-Oct,43543,37401,6141,7408,3801,176,3897,-467,-1266,-862,-157,33,-281,5728,7298,-1570,-1228,-342,4571,0,4571,-232,81,-1072,1153,-312,-235,-77,448,4788,2131,2657
1984-Sep,20369,23729,-3360,-1175,-1835,129,1135,-605,-2185,-1968,29,-1,-245,5027,5849,-821,-476,-346,-4181,0,-4181,-1035,-996,-1601,605,-39,417,-456,6834,1617,5540,-3923
1984-Aug,36267,29068,7199,6351,5291,146,781,133,848,1368,-98,-177,-244,6744,7381,-636,-138,-498,6563,-800,5763,4142,2850,802,2048,1292,482,810,2344,12249,9492,2757
1984-Jul,29212,27571,1641,1365,1573,108,260,-576,276,179,155,-11,-46,5136,4859,277,170,107,1918,0,1918,-1209,-915,1088,-2003,-294,-584,290,-22,686,331,355
1984-Jun,22647,23127,-480,902,571,184,298,-150,-1383,-896,-40,-238,-209,6303,6165,138,170,-32,-342,0,-342,4455,3796,854,2942,659,-116,775,-7162,-3050,-5045,1995
1984-May,23353,22295,1058,1564,1751,4,144,-335,-506,-316,99,-89,-200,6330,6972,-641,-692,50,417,0,417,-864,-1364,772,-2136,500,619,-120,5786,5338,8754,-3416
1984-Apr,18267,15795,2473,1975,1660,-151,99,368,498,644,87,-174,-59,5170,5480,-310,-291,-19,2163,0,2163,1100,230,740,-510,869,672,197,147,3409,2719,690
1984-Mar,16051,15853,197,-101,-1013,-130,434,609,298,487,-21,22,-190,6676,6517,159,14,145,357,0,357,-4660,-4458,-2054,-2403,-202,-787,585,4726,423,2336,-1913
1984-Feb,20684,19651,1033,941,552,80,-153,463,92,4,139,5,-56,5613,5264,349,-1,350,1382,-650,732,3074,3254,2497,757,-180,440,-621,3821,7627,7029,598
1984-Jan,22102,21670,431,375,228,-7,176,-22,56,545,-116,0,-373,4743,4569,174,272,-98,605,0,605,3784,2736,1750,986,1048,952,96,1326,5715,7506,-1791
1983-Dec,14922,15078,-157,253,-195,16,150,282,-410,-435,64,-28,-11,4208,5279,-1071,-884,-187,-1228,0,-1228,1364,1923,140,1783,-559,-523,-36,3681,3818,-275,4093
1983-Nov,18079,18688,-609,-263,-642,223,147,9,-346,-760,306,59,49,4031,3886,145,170,-26,-464,-700,-1164,991,1011,71,940,-20,-637,617,9250,9076,8424,652
1983-Oct,23216,20665,2551,2185,1857,-49,250,127,366,504,57,-218,22,5056,5264,-208,-200,-8,2343,0,2343,2133,1673,430,1244,460,711,-252,1425,5900,4208,1692
1983-Sep,21128,19666,1463,1846,1177,-14,124,559,-383,-45,-187,10,-162,5093,5179,-86,-11,-76,1376,0,1376,-148,123,713,-591,-270,188,-459,185,1413,2923,-1511
1983-Aug,20143,21303,-1160,3,-445,128,163,156,-1163,-928,-85,-25,-125,3877,4453,-576,-366,-210,-1736,0,-1736,-1140,-1298,1222,-2519,158,90,68,3876,1000,3601,-2601
1983-Jul,13602,14766,-1164,-16,-779,42,101,621,-1148,-895,-91,-76,-86,3547,4224,-677,-189,-488,-1840,-607,-2447,3682,3899,-467,4366,-217,513,-731,5361,6595,5882,713
1983-Jun,18570,16813,1757,1632,1156,138,-31,369,125,407,-204,-104,26,4730,5092,-363,238,-600,1394,0,1394,461,832,994,-162,-371,-525,153,-3541,-1686,-1683,-3
1983-May,23027,19971,3056,3505,2587,58,405,455,-449,36,-77,-217,-191,3749,5227,-1479,-837,-642,1577,-668,909,1151,397,-485,882,754,687,67,5253,7314,7115,199
1983-Apr,15069,15232,-163,-274,-1485,-18,317,911,112,341,112,-21,-321,3542,4610,-1069,-524,-544,-1231,0,-1231,813,1339,857,482,-526,-581,56,2712,2294,1937,357
1983-Mar,21941,18550,3391,2691,1640,-54,85,1021,700,966,-142,-26,-99,4013,4960,-947,-515,-432,2444,0,2444,-3236,-3155,-1117,-2037,-81,234,-315,2375,1583,1558,26
1983-Feb,17295,15770,1525,90,-957,-33,78,1002,1435,1552,-57,-34,-26,4140,4629,-489,-264,-225,1036,-800,236,-426,-232,246,-478,-194,495,-689,-3154,-3344,-1062,-2282
1983-Jan,16449,15209,1240,1574,734,27,-58,872,-335,34,-173,-134,-63,3631,3821,-190,137,-327,1050,-459,591,4908,6529,2754,3775,-1621,-897,-723,-11032,-5533,-7696,2163
1982-Dec,17051,15339,1712,244,-700,11,-141,1074,1467,1866,-264,15,-150,3413,4094,-681,-404,-277,1031,-664,367,3963,3470,-281,3752,492,108,385,-16742,-12413,-17295,4882
1982-Nov,19930,18946,984,989,577,-52,131,334,-5,231,-169,-73,7,3285,4383,-1098,-360,-738,-114,-600,-714,-3138,-1235,-177,-1058,-1903,-438,-1465,3431,-420,3049,-3469
1982-Oct,17331,15356,1975,1612,1062,72,110,368,363,641,-26,-141,-111,3320,5066,-1746,-1438,-308,229,0,229,1668,1802,2289,-486,-135,-408,273,4301,6197,5832,366
1982-Sep,16324,14002,2322,831,841,-2,216,-225,1491,1500,-58,-78,128,3300,4582,-1282,-1122,-160,1040,-671,369,2589,1934,1665,269,655,1082,-427,-7158,-4200,-5192,991
1982-Aug,15395,14241,1154,727,448,-176,29,426,426,416,-81,-26,117,3544,4933,-1389,-1398,8,-236,-400,-636,-384,-1568,75,-1643,1184,500,684,1430,410,1202,-791
1982-Jul,11492,9425,2067,-450,-815,-18,241,142,2517,2797,-53,-99,-129,2338,3016,-678,-725,47,1388,-961,427,2609,2392,77,2315,218,188,30,-12297,-9261,-10534,1273
1982-Jun,10838,9840,997,522,44,-20,236,262,476,318,192,-72,37,2294,2974,-680,-754,74,318,-600,-282,1878,2330,1562,768,-452,171,-623,-4047,-2452,-3442,990
1982-May,11751,9468,2283,802,-454,150,769,337,1481,1476,-58,-36,99,3241,2926,316,435,-119,2598,-751,1847,-172,-872,237,-1109,700,-2,702,-3582,-1907,-2918,1010
1982-Apr,10813,8444,2368,1473,662,141,489,181,895,791,123,-91,71,2590,2704,-115,-48,-67,2254,-241,2013,-2496,-2798,400,-3198,302,1016,-714,-3784,-4267,-2784,-1483
1982-Mar,11934,9691,2243,931,688,45,155,43,1312,1325,-78,-23,88,3215,3777,-562,-590,28,1682,0,1682,-1085,-977,148,-1125,-108,-27,-81,-2820,-2224,-2722,498
1982-Feb,9932,7084,2847,580,-30,129,74,406,2268,2348,-182,-28,130,2039,2133,-94,-128,34,2753,-500,2253,-4834,-3988,145,-4133,-847,-1052,206,-1976,-4557,-2633,-1924
1982-Jan,6724,5006,1718,905,445,59,184,217,813,841,-41,-34,47,1753,1724,29,-108,136,1747,0,1747,-703,-177,-93,-83,-526,-278,-248,2402,3446,5152,-1706
1981-Dec,10982,9870,1112,1841,1551,-54,135,209,-729,-787,39,29,-9,2696,3412,-716,-770,54,396,-931,-535,4157,3307,562,2745,850,363,488,-11757,-8135,-12602,4467
1981-Nov,13529,11607,1922,21,-99,-59,43,135,1902,2033,-147,-46,62,2934,5021,-2087,-1957,-130,-165,-400,-565,1088,718,-59,777,370,289,81,-2198,-1675,-6381,4705
1981-Oct,8368,6871,1496,-169,-152,43,49,-110,1665,1627,-122,3,157,2154,2304,-150,-110,-40,1346,-211,1135,634,-1080,234,-1314,1714,1568,146,-4688,-2919,-1118,-1801
1981-Sep,9892,7844,2048,35,-125,-18,126,53,2013,1381,255,-108,484,1851,1902,-50,-254,204,1998,-681,1317,-3189,-2479,263,-2741,-710,-166,-544,486,-1386,94,-1479
1981-Aug,9331,7308,2023,483,271,41,177,-7,1540,1529,4,54,-47,1920,1946,-27,-40,13,1996,-400,1596,-4814,-2704,34,-2738,-2110,-91,-2019,-3208,-6426,-1811,-4615
1981-Jul,9521,7097,2424,750,352,63,231,105,1674,798,286,496,95,2415,3037,-622,-681,59,1802,-1144,658,685,-2176,-133,-2043,2861,801,2060,3572,4915,5721,-806
1981-Jun,13634,10817,2817,1589,286,55,216,1033,1227,980,-53,270,30,2415,3054,-639,-484,-155,2178,-1092,1086,-424,161,305,-143,-585,99,-684,-14096,-13435,-15079,1645
1981-May,10133,7951,2182,1566,393,-24,164,1033,616,321,58,31,206,2162,2339,-176,-212,36,2006,0,2006,-3566,-3530,284,-3814,-36,719,-755,3384,1824,6987,-5163
1981-Apr,10280,8420,1860,722,-127,87,120,643,1137,495,531,29,81,1980,2724,-744,-632,-112,1116,0,1116,2304,838,-331,1168,1466,1672,-206,4419,7838,7293,546
1981-Mar,13170,10197,2972,1409,441,17,196,754,1564,1084,7,581,-108,2487,2801,-314,-121,-194,2658,-200,2458,3210,3741,236,3505,-531,-506,-26,-17388,-11720,-18886,7165
1981-Feb,9315,6600,2716,1115,364,28,367,356,1601,1404,116,27,54,2033,1993,40,40,1,2756,-160,2596,449,845,379,466,-396,340,-736,-1817,1227,1341,-114
1981-Jan,8297,5952,2345,874,170,82,28,595,1471,865,332,248,26,1845,2066,-220,-240,20,2125,0,2125,-967,79,-200,278,-1046,-315,-731,3321,4479,6065,-1586
1980-Dec,11024,10085,939,1148,532,49,89,478,-208,-335,-85,44,167,2509,2368,142,217,-76,1081,-600,481,763,1111,-28,1139,-348,-199,-149,-5326,-4082,-5247,1166
1980-Nov,9652,7804,1847,1533,363,102,72,997,314,301,107,11,-105,2184,1963,221,95,126,2068,0,2068,5150,4494,-218,4712,656,585,72,-724,6494,657,5838
1980-Oct,10033,7978,2055,499,17,-15,62,435,1556,663,565,241,87,2450,3013,-563,-211,-352,1492,0,1492,1562,1259,228,1031,303,45,258,677,3730,3251,480
1980-Sep,10890,8707,2183,551,729,-65,43,-156,1632,1023,48,151,410,1928,2609,-681,-115,-567,1502,-400,1102,-231,-773,-324,-449,542,51,491,-7426,-6555,-8579,2024
1980-Aug,7675,7736,-62,117,-22,70,33,36,-178,-745,104,291,171,1980,2477,-498,-292,-206,-559,-300,-859,1459,1890,61,1829,-431,-175,-256,-192,407,-1257,1665
1980-Jul,9015,7178,1837,236,-70,85,49,172,1601,762,396,306,137,2396,2154,242,321,-79,2079,0,2079,1514,1422,-652,2075,92,552,-460,-1844,1749,-2194,3944
1980-Jun,11907,9277,2630,291,41,41,67,142,2338,1718,1,603,17,2133,2935,-802,-620,-182,1828,-230,1598,2240,2670,-506,3176,-430,94,-524,-9433,-5594,-11277,5682
1980-May,5703,6339,-635,-1076,-1102,-160,103,84,440,425,118,-37,-67,1943,2324,-380,-279,-102,-1016,-200,-1216,2631,2927,723,2204,-296,-43,-253,-5601,-4185,-7196,3011
1980-Apr,6073,6208,-135,-536,-846,-86,248,148,400,-63,130,224,110,1478,1538,-59,-18,-41,-195,-400,-595,-1560,-1852,419,-2271,292,-385,677,-5451,-7605,-6048,-1557
1980-Mar,7769,7198,571,222,-128,40,59,252,349,-103,403,-62,111,1865,1843,22,21,2,594,-600,-6,-4455,-4913,524,-5437,458,99,359,-3988,-8450,-5498,-2952
1980-Feb,8977,7169,1808,1842,607,102,56,1077,-34,-264,64,129,37,2201,2706,-505,-71,-434,1303,-50,1253,13,-500,130,-630,513,565,-52,5332,6597,7594,-996
1980-Jan,8174,5451,2723,1761,911,208,-26,668,962,483,333,126,20,1918,2205,-287,-50,-237,2436,1215,3651,1096,1288,90,1198,-192,-337,145,2920,7667,9943,-2276
1979-Dec,8024,7040,984,105,-4,-9,-21,138,879,547,24,274,34,1552,2009,-457,-326,-131,527,-450,77,3027,3567,-177,3745,-541,-321,-219,-8921,-5817,-13536,7719
1979-Nov,5914,7008,-1094,-134,-58,-86,-46,57,-960,-1037,-18,-37,132,1459,1886,-428,-344,-84,-1522,459,-1063,-5596,-5447,43,-5489,-150,354,-504,6194,-466,3777,-4243
1979-Oct,8581,7693,888,795,576,155,51,13,93,56,35,-16,17,1700,1943,-243,-44,-199,645,-1050,-405,-1194,-1977,-546,-1431,783,-58,840,2267,668,3692,-3024
1979-Sep,5170,4299,871,680,564,106,-5,16,191,92,-17,72,44,1270,2394,-1124,-783,-341,-252,0,-252,165,170,-525,695,-5,319,-323,-7505,-7592,-8747,1155
1979-Aug,7933,7129,803,161,83,-14,-35,128,642,511,109,-9,31,1988,2718,-731,-608,-122,73,-250,-177,2108,791,70,722,1317,291,1026,8187,10118,9421,697
1979-Jul,7758,5960,1798,486,509,6,-36,8,1311,1042,241,22,6,1411,1844,-434,-421,-13,1364,-900,464,3595,3923,802,3121,-327,291,-618,-925,3134,-717,3851
1979-Jun,5205,4496,709,159,22,55,17,64,550,297,127,105,21,1357,1952,-595,-577,-18,114,230,344,2703,2441,-136,2577,261,-20,281,-2852,194,-2952,3146
1979-May,4780,5584,-804,-617,-775,-107,105,160,-187,-149,-82,24,20,1396,1319,77,15,62,-727,0,-727,-8684,-8331,-444,-7887,-354,133,-487,6583,-2828,4569,-7397
1979-Apr,5596,4653,943,620,390,144,36,49,324,242,49,-11,44,1272,1246,25,20,6,969,-4,965,-7261,-7276,885,-8160,15,54,-39,3646,-2650,3220,-5870
1979-Mar,4624,3497,1127,338,-14,32,54,266,789,524,20,1,243,1527,1570,-42,-45,3,1085,911,1996,-5432,-5888,-15,-5872,455,69,387,3815,379,5088,-4710
1979-Feb,3779,4366,-587,-4,-26,-92,35,78,-583,-597,23,-60,51,1188,1580,-392,-365,-28,-980,-40,-1020,-2564,-2423,180,-2603,-141,-171,30,3768,184,2376,-2192
1979-Jan,5558,5515,43,-63,-100,-109,64,81,107,168,-49,9,-22,1159,1633,-474,-522,48,-430,1185,755,1278,818,-16,834,459,-254,713,5880,7912,6333,1579
1978-Dec,3369,3208,161,496,-157,215,98,340,-335,-349,-71,88,-4,1248,1220,28,40,-12,189,1572,1761,5034,5051,-13,5063,-17,-173,156,-6803,-8,-7343,7335
1978-Nov,4859,4620,239,76,161,22,-108,1,162,64,14,-17,102,1216,1515,-299,-462,163,-61,-434,-495,3936,4045,-311,4356,-109,-619,510,-4603,-1162,-5305,4144
1978-Oct,6467,4863,1605,1006,838,148,64,-44,599,572,-67,52,42,1223,1930,-707,-688,-19,898,1122,2020,3448,2378,-541,2919,1070,1078,-9,-433,5034,-1751,6785
1978-Sep,5483,4542,941,158,-65,14,80,129,783,704,-7,-28,113,1036,1065,-29,40,-69,912,-70,842,-945,-607,686,-1293,-338,187,-525,2499,2396,3310,-913
1978-Aug,6167,5598,569,-165,-285,45,177,-102,734,710,87,70,-133,1373,1520,-147,-199,52,422,1161,1583,635,-301,178,-478,936,161,775,-564,1654,-375,2029
1978-Jul,5018,4101,918,-860,-823,35,-29,-44,1778,1313,382,30,53,1273,1607,-334,-344,10,584,-70,514,529,495,-760,1255,34,356,-322,2056,3100,-503,3602
1978-Jun,5730,3942,1788,1003,748,93,61,100,785,522,136,72,56,1357,2054,-697,-636,-61,1091,-71,1020,-486,-1164,-266,-899,678,338,340,-1021,-488,-144,-344
1978-May,6156,5607,549,578,245,22,-37,348,-29,-541,73,358,80,1292,1347,-55,-43,-12,494,-89,405,-391,-860,321,-1182,469,53,416,-3244,-3231,-1774,-1456
